2026-07-29 13:56:02.639 [info] Python-envs extension version: 1.36.0
2026-07-29 13:56:02.639 [info] 
=== Python Envs Configuration Levels ===
2026-07-29 13:56:02.639 [info] {
  "section": "Python Envs Configuration Levels",
  "defaultEnvManager": {
    "workspaceFolderValue": "undefined",
    "workspaceValue": "undefined",
    "globalValue": "undefined",
    "defaultValue": "ms-python.python:venv"
  },
  "defaultPackageManager": {
    "workspaceFolderValue": "undefined",
    "workspaceValue": "undefined",
    "globalValue": "undefined",
    "defaultValue": "ms-python.python:pip"
  }
}
2026-07-29 13:56:02.639 [info] [pet] Starting Python Locator c:\Users\clari\.vscode\extensions\ms-python.vscode-python-envs-1.36.0-win32-x64\python-env-tools\bin\pet.exe server
2026-07-29 13:56:02.639 [info] Registering pyenv manager (environments will be discovered lazily)
2026-07-29 13:56:02.639 [info] Registering pipenv manager (environments will be discovered lazily)
2026-07-29 13:56:02.639 [info] Registering poetry manager (environments will be discovered lazily)
2026-07-29 13:56:02.639 [info] [pet] configure: Sending configuration update: {"workspaceDirectories":["d:\\5.Dev\\1.Projects\\3.Web\\RosaCycle"],"environmentDirectories":["d:/5.Dev/1.Projects/3.Web/RosaCycle/.venv","d:/5.Dev/1.Projects/3.Web/RosaCycle/*/.venv"],"pipenvExecutable":"pipenv","poetryExecutable":"poetry","cacheDirectory":"c:\\Users\\clari\\AppData\\Roaming\\Code\\User\\globalStorage\\ms-python.vscode-python-envs\\pythonLocator"}
2026-07-29 13:56:02.642 [info] Refreshing Pyenv Environments
2026-07-29 13:56:02.642 [info] Refreshing pyenv environments
2026-07-29 13:56:02.642 [info] Refreshing Pipenv Environments
2026-07-29 13:56:02.642 [info] Refreshing pipenv environments
2026-07-29 13:56:02.642 [info] Refreshing Poetry Environments
2026-07-29 13:56:02.642 [info] Refreshing poetry environments
2026-07-29 13:56:04.056 [error] [pet] [2m   0.165117700s[0m [33m WARN[0m [2mpet_windows_registry::environments[0m[2m:[0m Python executable (D:\5.Software Development\Python\Python312\python.exe) file not found for HKLM\Software\Python\PythonCore\3.12
[2m   0.769430400s[0m [31mERROR[0m [2mpet_python_utils::env[0m[2m:[0m Python Execution for "C:\\ProgramData\\chocolatey\\bin\\python3.14.exe" produced an output "" without a separator
[2m   0.769462800s[0m [33m WARN[0m [2mpet::find[0m[2m:[0m Unknown Python Env "C:\\ProgramData\\chocolatey\\bin\\python3.14.exe"

2026-07-29 13:56:04.114 [info] Discovered env: C:\Users\clari\AppData\Roaming\uv\python\cpython-3.13.5-windows-x86_64-none\python.exe
2026-07-29 13:56:04.116 [info] Discovered env: C:\Python314\python.exe
2026-07-29 13:56:04.133 [info] Found venv environment: cpython-3.13.5-windows-x86_64-none (3.13.5)
2026-07-29 13:56:04.170 [error] [pet] [2m   1.631227800s[0m [33m WARN[0m [2mpet_windows_registry::environments[0m[2m:[0m Python executable (D:\5.Software Development\Python\Python312\python.exe) file not found for HKLM\Software\Python\PythonCore\3.12

2026-07-29 13:56:04.173 [info] Discovered env: C:\Users\clari\AppData\Roaming\uv\python\cpython-3.13.5-windows-x86_64-none\python.exe
2026-07-29 13:56:04.173 [info] Discovered env: C:\Python314\python.exe
2026-07-29 13:56:04.252 [error] [pet] [2m   1.743112900s[0m [31mERROR[0m [2mpet_python_utils::env[0m[2m:[0m Python Execution for "C:\\ProgramData\\chocolatey\\bin\\python3.14.exe" produced an output "" without a separator
[2m   1.743134100s[0m [33m WARN[0m [2mpet::find[0m[2m:[0m Unknown Python Env "C:\\ProgramData\\chocolatey\\bin\\python3.14.exe"

2026-07-29 13:56:04.269 [error] [pet] [2m   1.759236300s[0m [33m WARN[0m [2mpet_windows_registry::environments[0m[2m:[0m Python executable (D:\5.Software Development\Python\Python312\python.exe) file not found for HKLM\Software\Python\PythonCore\3.12

2026-07-29 13:56:04.269 [info] Discovered env: C:\Python314\python.exe
2026-07-29 13:56:04.270 [info] Discovered env: C:\Users\clari\AppData\Roaming\uv\python\cpython-3.13.5-windows-x86_64-none\python.exe
2026-07-29 13:56:04.270 [error] [pet] [2m   1.760974400s[0m [33m WARN[0m [2mpet_windows_registry::environments[0m[2m:[0m Python executable (D:\5.Software Development\Python\Python312\python.exe) file not found for HKLM\Software\Python\PythonCore\3.12

2026-07-29 13:56:04.279 [info] Conda not found, turning off conda features. [Error: Conda not found
	at L (c:\Users\clari\.vscode\extensions\ms-python.vscode-python-envs-1.36.0-win32-x64\dist\extension.js:2:629081)
	at async V (c:\Users\clari\.vscode\extensions\ms-python.vscode-python-envs-1.36.0-win32-x64\dist\extension.js:2:629206)
	at async t.registerCondaFeatures (c:\Users\clari\.vscode\extensions\ms-python.vscode-python-envs-1.36.0-win32-x64\dist\extension.js:2:648591)
	at async t.safeRegister (c:\Users\clari\.vscode\extensions\ms-python.vscode-python-envs-1.36.0-win32-x64\dist\extension.js:2:290365)
	at async Promise.all (index 1)
	at async Immediate.<anonymous> (c:\Users\clari\.vscode\extensions\ms-python.vscode-python-envs-1.36.0-win32-x64\dist\extension.js:2:782813)]
2026-07-29 13:56:04.282 [info] [interpreterSelection] Applying initial environment selection for 1 workspace folder(s)
2026-07-29 13:56:04.284 [info] [SYS_SET] scope=d:\5.Dev\1.Projects\3.Web\RosaCycle, project=d:\5.Dev\1.Projects\3.Web\RosaCycle, normalizedKey=d:/5.dev/1.projects/3.web/rosacycle, env=Python 3.14.5-x5d32cd40co
2026-07-29 13:56:04.287 [info] Python API: Changed environment from undefined to Python 3.14 (64-bit) for: d:\5.Dev\1.Projects\3.Web\RosaCycle
2026-07-29 13:56:04.287 [info] Internal: Changed environment from undefined to Python 3.14 (64-bit) for: d:\5.Dev\1.Projects\3.Web\RosaCycle
2026-07-29 13:56:04.288 [info] [interpreterSelection] RosaCycle: Python 3.14 (64-bit) (source: autoDiscovery)
2026-07-29 13:56:04.288 [info] [interpreterSelection] Workspace env resolved, deferring global scope to background
2026-07-29 13:56:04.320 [info] Python API: Changed environment from undefined to Python 3.14 (64-bit) for: global
2026-07-29 13:56:04.320 [info] Internal: Changed environment from undefined to Python 3.14 (64-bit) for: global
2026-07-29 13:56:04.320 [info] [interpreterSelection] global: Python 3.14 (64-bit) (source: autoDiscovery)
2026-07-29 13:56:04.378 [error] [pet] [2m   1.868995300s[0m [31mERROR[0m [2mpet_python_utils::env[0m[2m:[0m Python Execution for "C:\\ProgramData\\chocolatey\\bin\\python3.14.exe" produced an output "" without a separator
[2m   1.869024600s[0m [33m WARN[0m [2mpet::find[0m[2m:[0m Unknown Python Env "C:\\ProgramData\\chocolatey\\bin\\python3.14.exe"

2026-07-29 13:56:04.448 [info] Found venv environment: cpython-3.13.5-windows-x86_64-none (3.13.5)
2026-07-29 13:56:04.450 [error] [pet] [2m   1.937729400s[0m [33m WARN[0m [2mpet_windows_registry::environments[0m[2m:[0m Python executable (D:\5.Software Development\Python\Python312\python.exe) file not found for HKLM\Software\Python\PythonCore\3.12
[2m   1.939962300s[0m [33m WARN[0m [2mpet_windows_registry::environments[0m[2m:[0m Python executable (D:\5.Software Development\Python\Python312\python.exe) file not found for HKLM\Software\Python\PythonCore\3.12

2026-07-29 13:56:04.450 [info] Discovered env: C:\Users\clari\AppData\Roaming\uv\python\cpython-3.13.5-windows-x86_64-none\python.exe
2026-07-29 13:56:04.451 [info] Discovered env: C:\Python314\python.exe
2026-07-29 13:56:04.483 [info] Refreshing pyenv environments
2026-07-29 13:56:04.558 [error] [pet] [2m   2.048632400s[0m [31mERROR[0m [2mpet_python_utils::env[0m[2m:[0m Python Execution for "C:\\ProgramData\\chocolatey\\bin\\python3.14.exe" produced an output "" without a separator
[2m   2.048658600s[0m [33m WARN[0m [2mpet::find[0m[2m:[0m Unknown Python Env "C:\\ProgramData\\chocolatey\\bin\\python3.14.exe"

2026-07-29 13:56:04.574 [info] Discovered env: C:\Users\clari\AppData\Roaming\uv\python\cpython-3.13.5-windows-x86_64-none\python.exe
2026-07-29 13:56:04.578 [error] [pet] [2m   2.068232200s[0m [33m WARN[0m [2mpet_windows_registry::environments[0m[2m:[0m Python executable (D:\5.Software Development\Python\Python312\python.exe) file not found for HKLM\Software\Python\PythonCore\3.12

2026-07-29 13:56:04.579 [error] [pet] [2m   2.069004100s[0m [33m WARN[0m [2mpet_windows_registry::environments[0m[2m:[0m Python executable (D:\5.Software Development\Python\Python312\python.exe) file not found for HKLM\Software\Python\PythonCore\3.12

2026-07-29 13:56:04.579 [info] Discovered env: C:\Python314\python.exe
2026-07-29 13:56:04.689 [error] [pet] [2m   2.178454900s[0m [31mERROR[0m [2mpet_python_utils::env[0m[2m:[0m Python Execution for "C:\\ProgramData\\chocolatey\\bin\\python3.14.exe" produced an output "" without a separator
[2m   2.178480400s[0m [33m WARN[0m [2mpet::find[0m[2m:[0m Unknown Python Env "C:\\ProgramData\\chocolatey\\bin\\python3.14.exe"

2026-07-29 13:56:04.753 [info] Discovered env: C:\Users\clari\AppData\Roaming\uv\python\cpython-3.13.5-windows-x86_64-none\python.exe
2026-07-29 13:56:04.767 [error] [pet] [2m   2.255881700s[0m [33m WARN[0m [2mpet_windows_registry::environments[0m[2m:[0m Python executable (D:\5.Software Development\Python\Python312\python.exe) file not found for HKLM\Software\Python\PythonCore\3.12
[2m   2.256173200s[0m [33m WARN[0m [2mpet_windows_registry::environments[0m[2m:[0m Python executable (D:\5.Software Development\Python\Python312\python.exe) file not found for HKLM\Software\Python\PythonCore\3.12

2026-07-29 13:56:04.767 [info] Discovered env: C:\Python314\python.exe
2026-07-29 13:56:04.862 [info] Pipenv not found via settings, cache, or PATH
2026-07-29 13:56:04.862 [info] Found 0 pipenv environments
2026-07-29 13:56:04.868 [info] Pipenv not found via settings, cache, or PATH
2026-07-29 13:56:04.868 [info] Refreshing pipenv environments
2026-07-29 13:56:04.871 [error] [pet] [2m   2.361957400s[0m [31mERROR[0m [2mpet_python_utils::env[0m[2m:[0m Python Execution for "C:\\ProgramData\\chocolatey\\bin\\python3.14.exe" produced an output "" without a separator
[2m   2.361983100s[0m [33m WARN[0m [2mpet::find[0m[2m:[0m Unknown Python Env "C:\\ProgramData\\chocolatey\\bin\\python3.14.exe"

2026-07-29 13:56:04.943 [info] Pipenv not found via settings, cache, or PATH
2026-07-29 13:56:04.943 [info] Found 0 pipenv environments
2026-07-29 13:56:04.975 [info] Poetry executable not found
2026-07-29 13:56:05.033 [info] Pipenv not found via settings, cache, or PATH
2026-07-29 13:56:05.045 [info] Refreshing poetry environments
2026-07-29 13:56:05.235 [info] Poetry executable not found
2026-07-29 13:56:05.300 [info] Environment discovery complete: 2 environments found (Global: 1, venv: 1)
2026-07-29 13:56:09.137 [error] [pet] [2m   6.627620400s[0m [31mERROR[0m [2mpet_python_utils::env[0m[2m:[0m Python Execution for "C:\\Python314\\python.exe" produced an output "" without a separator

2026-07-29 13:56:09.140 [error] [pet] [2m   6.627662700s[0m [31mERROR[0m [2mpet::jsonrpc[0m[2m:[0m Failed to resolve env "c:\\Python314\\python.exe", returning discovered env PythonEnvironment { display_name: Some("Python 3.14 (64-bit)"), name: None, executable: Some("C:\\Python314\\python.exe"), kind: Some(WindowsRegistry), version: Some("3.14.5"), prefix: Some("C:\\Python314"), manager: None, project: None, arch: Some(X64), symlinks: Some(["C:\\Python314\\python.exe"]), error: None }

2026-07-29 13:56:09.141 [info] Resolved Python Environment C:\Python314\python.exe
2026-07-29 13:56:09.199 [error] [pet] [2m   6.689859400s[0m [31mERROR[0m [2mpet_python_utils::env[0m[2m:[0m Python Execution for "C:\\Python314\\python.exe" produced an output "" without a separator
[2m   6.689890300s[0m [31mERROR[0m [2mpet::jsonrpc[0m[2m:[0m Failed to resolve env "c:\\Python314\\python.exe", returning discovered env PythonEnvironment { display_name: Some("Python 3.14 (64-bit)"), name: None, executable: Some("C:\\Python314\\python.exe"), kind: Some(WindowsRegistry), version: Some("3.14.5"), prefix: Some("C:\\Python314"), manager: None, project: None, arch: Some(X64), symlinks: Some(["C:\\Python314\\python.exe"]), error: None }

2026-07-29 13:56:09.200 [info] Resolved Python Environment C:\Python314\python.exe
2026-07-29 13:56:09.257 [error] [pet] [2m   6.747325800s[0m [31mERROR[0m [2mpet_python_utils::env[0m[2m:[0m Python Execution for "C:\\Python314\\python.exe" produced an output "" without a separator
[2m   6.747355100s[0m [31mERROR[0m [2mpet::jsonrpc[0m[2m:[0m Failed to resolve env "c:\\Python314\\python.exe", returning discovered env PythonEnvironment { display_name: Some("Python 3.14 (64-bit)"), name: None, executable: Some("C:\\Python314\\python.exe"), kind: Some(WindowsRegistry), version: Some("3.14.5"), prefix: Some("C:\\Python314"), manager: None, project: None, arch: Some(X64), symlinks: Some(["C:\\Python314\\python.exe"]), error: None }

2026-07-29 13:56:09.257 [info] Resolved Python Environment C:\Python314\python.exe
2026-07-29 13:56:09.314 [error] [pet] [2m   6.804393900s[0m [31mERROR[0m [2mpet_python_utils::env[0m[2m:[0m Python Execution for "C:\\Python314\\python.exe" produced an output "" without a separator
[2m   6.804435600s[0m [31mERROR[0m [2mpet::jsonrpc[0m[2m:[0m Failed to resolve env "c:\\Python314\\python.exe", returning discovered env PythonEnvironment { display_name: Some("Python 3.14 (64-bit)"), name: None, executable: Some("C:\\Python314\\python.exe"), kind: Some(WindowsRegistry), version: Some("3.14.5"), prefix: Some("C:\\Python314"), manager: None, project: None, arch: Some(X64), symlinks: Some(["C:\\Python314\\python.exe"]), error: None }

2026-07-29 13:56:09.314 [info] Resolved Python Environment C:\Python314\python.exe
2026-07-29 13:56:09.367 [error] [pet] [2m   6.857770600s[0m [31mERROR[0m [2mpet_python_utils::env[0m[2m:[0m Python Execution for "C:\\Python314\\python.exe" produced an output "" without a separator

2026-07-29 13:56:09.367 [error] [pet] [2m   6.857810100s[0m [31mERROR[0m [2mpet::jsonrpc[0m[2m:[0m Failed to resolve env "c:\\Python314\\python.exe", returning discovered env PythonEnvironment { display_name: Some("Python 3.14 (64-bit)"), name: None, executable: Some("C:\\Python314\\python.exe"), kind: Some(WindowsRegistry), version: Some("3.14.5"), prefix: Some("C:\\Python314"), manager: None, project: None, arch: Some(X64), symlinks: Some(["C:\\Python314\\python.exe"]), error: None }

2026-07-29 13:56:09.368 [info] Resolved Python Environment C:\Python314\python.exe
2026-07-29 13:56:09.421 [error] [pet] [2m   6.911945200s[0m [31mERROR[0m [2mpet_python_utils::env[0m[2m:[0m Python Execution for "C:\\Python314\\python.exe" produced an output "" without a separator
[2m   6.911984700s[0m [31mERROR[0m [2mpet::jsonrpc[0m[2m:[0m Failed to resolve env "c:\\Python314\\python.exe", returning discovered env PythonEnvironment { display_name: Some("Python 3.14 (64-bit)"), name: None, executable: Some("C:\\Python314\\python.exe"), kind: Some(WindowsRegistry), version: Some("3.14.5"), prefix: Some("C:\\Python314"), manager: None, project: None, arch: Some(X64), symlinks: Some(["C:\\Python314\\python.exe"]), error: None }

2026-07-29 13:56:09.422 [info] Resolved Python Environment C:\Python314\python.exe
2026-07-29 13:56:09.476 [error] [pet] [2m   6.966325400s[0m [31mERROR[0m [2mpet_python_utils::env[0m[2m:[0m Python Execution for "C:\\Python314\\python.exe" produced an output "" without a separator
[2m   6.966364600s[0m [31mERROR[0m [2mpet::jsonrpc[0m[2m:[0m Failed to resolve env "c:\\Python314\\python.exe", returning discovered env PythonEnvironment { display_name: Some("Python 3.14 (64-bit)"), name: None, executable: Some("C:\\Python314\\python.exe"), kind: Some(WindowsRegistry), version: Some("3.14.5"), prefix: Some("C:\\Python314"), manager: None, project: None, arch: Some(X64), symlinks: Some(["C:\\Python314\\python.exe"]), error: None }

2026-07-29 13:56:09.476 [info] Resolved Python Environment C:\Python314\python.exe
2026-07-29 13:56:09.533 [error] [pet] [2m   7.023422500s[0m [31mERROR[0m [2mpet_python_utils::env[0m[2m:[0m Python Execution for "C:\\Python314\\python.exe" produced an output "" without a separator
[2m   7.023455900s[0m [31mERROR[0m [2mpet::jsonrpc[0m[2m:[0m Failed to resolve env "c:\\Python314\\python.exe", returning discovered env PythonEnvironment { display_name: Some("Python 3.14 (64-bit)"), name: None, executable: Some("C:\\Python314\\python.exe"), kind: Some(WindowsRegistry), version: Some("3.14.5"), prefix: Some("C:\\Python314"), manager: None, project: None, arch: Some(X64), symlinks: Some(["C:\\Python314\\python.exe"]), error: None }

2026-07-29 13:56:09.534 [info] Resolved Python Environment C:\Python314\python.exe
2026-07-29 13:56:09.592 [error] [pet] [2m   7.082050500s[0m [31mERROR[0m [2mpet_python_utils::env[0m[2m:[0m Python Execution for "C:\\Python314\\python.exe" produced an output "" without a separator
[2m   7.082151100s[0m [31mERROR[0m [2mpet::jsonrpc[0m[2m:[0m Failed to resolve env "c:\\Python314\\python.exe", returning discovered env PythonEnvironment { display_name: Some("Python 3.14 (64-bit)"), name: None, executable: Some("C:\\Python314\\python.exe"), kind: Some(WindowsRegistry), version: Some("3.14.5"), prefix: Some("C:\\Python314"), manager: None, project: None, arch: Some(X64), symlinks: Some(["C:\\Python314\\python.exe"]), error: None }

2026-07-29 13:56:09.592 [info] Resolved Python Environment C:\Python314\python.exe
2026-07-29 13:56:09.650 [error] [pet] [2m   7.140152900s[0m [31mERROR[0m [2mpet_python_utils::env[0m[2m:[0m Python Execution for "C:\\Python314\\python.exe" produced an output "" without a separator
[2m   7.140183100s[0m [31mERROR[0m [2mpet::jsonrpc[0m[2m:[0m Failed to resolve env "c:\\Python314\\python.exe", returning discovered env PythonEnvironment { display_name: Some("Python 3.14 (64-bit)"), name: None, executable: Some("C:\\Python314\\python.exe"), kind: Some(WindowsRegistry), version: Some("3.14.5"), prefix: Some("C:\\Python314"), manager: None, project: None, arch: Some(X64), symlinks: Some(["C:\\Python314\\python.exe"]), error: None }

2026-07-29 13:56:09.650 [info] Resolved Python Environment C:\Python314\python.exe
2026-07-29 13:56:17.209 [error] [pet] [2m  14.700106300s[0m [31mERROR[0m [2mpet_python_utils::env[0m[2m:[0m Python Execution for "C:\\Python314\\python.exe" produced an output "" without a separator
[2m  14.700130400s[0m [31mERROR[0m [2mpet::jsonrpc[0m[2m:[0m Failed to resolve env "c:\\Python314\\python.exe", returning discovered env PythonEnvironment { display_name: Some("Python 3.14 (64-bit)"), name: None, executable: Some("C:\\Python314\\python.exe"), kind: Some(WindowsRegistry), version: Some("3.14.5"), prefix: Some("C:\\Python314"), manager: None, project: None, arch: Some(X64), symlinks: Some(["C:\\Python314\\python.exe"]), error: None }

2026-07-29 13:56:17.210 [info] Resolved Python Environment C:\Python314\python.exe
2026-07-29 13:56:17.242 [error] [pet] [2m  14.732430400s[0m [31mERROR[0m [2mpet_python_utils::env[0m[2m:[0m Python Execution for "C:\\Python314\\python.exe" produced an output "" without a separator
[2m  14.732462900s[0m [31mERROR[0m [2mpet::jsonrpc[0m[2m:[0m Failed to resolve env "c:\\Python314\\python.exe", returning discovered env PythonEnvironment { display_name: Some("Python 3.14 (64-bit)"), name: None, executable: Some("C:\\Python314\\python.exe"), kind: Some(WindowsRegistry), version: Some("3.14.5"), prefix: Some("C:\\Python314"), manager: None, project: None, arch: Some(X64), symlinks: Some(["C:\\Python314\\python.exe"]), error: None }

2026-07-29 13:56:17.242 [info] Resolved Python Environment C:\Python314\python.exe
2026-07-29 13:56:17.273 [error] [pet] [2m  14.763504600s[0m [31mERROR[0m [2mpet_python_utils::env[0m[2m:[0m Python Execution for "C:\\Python314\\python.exe" produced an output "" without a separator
[2m  14.763532800s[0m [31mERROR[0m [2mpet::jsonrpc[0m[2m:[0m Failed to resolve env "c:\\Python314\\python.exe", returning discovered env PythonEnvironment { display_name: Some("Python 3.14 (64-bit)"), name: None, executable: Some("C:\\Python314\\python.exe"), kind: Some(WindowsRegistry), version: Some("3.14.5"), prefix: Some("C:\\Python314"), manager: None, project: None, arch: Some(X64), symlinks: Some(["C:\\Python314\\python.exe"]), error: None }

2026-07-29 13:56:17.273 [info] Resolved Python Environment C:\Python314\python.exe
2026-07-29 13:56:17.307 [error] [pet] [2m  14.797563400s[0m [31mERROR[0m [2mpet_python_utils::env[0m[2m:[0m Python Execution for "C:\\Python314\\python.exe" produced an output "" without a separator
[2m  14.797596500s[0m [31mERROR[0m [2mpet::jsonrpc[0m[2m:[0m Failed to resolve env "c:\\Python314\\python.exe", returning discovered env PythonEnvironment { display_name: Some("Python 3.14 (64-bit)"), name: None, executable: Some("C:\\Python314\\python.exe"), kind: Some(WindowsRegistry), version: Some("3.14.5"), prefix: Some("C:\\Python314"), manager: None, project: None, arch: Some(X64), symlinks: Some(["C:\\Python314\\python.exe"]), error: None }

2026-07-29 13:56:17.307 [info] Resolved Python Environment C:\Python314\python.exe
2026-07-29 13:56:17.337 [error] [pet] [2m  14.828088400s[0m [31mERROR[0m [2mpet_python_utils::env[0m[2m:[0m Python Execution for "C:\\Python314\\python.exe" produced an output "" without a separator
[2m  14.828120500s[0m [31mERROR[0m [2mpet::jsonrpc[0m[2m:[0m Failed to resolve env "c:\\Python314\\python.exe", returning discovered env PythonEnvironment { display_name: Some("Python 3.14 (64-bit)"), name: None, executable: Some("C:\\Python314\\python.exe"), kind: Some(WindowsRegistry), version: Some("3.14.5"), prefix: Some("C:\\Python314"), manager: None, project: None, arch: Some(X64), symlinks: Some(["C:\\Python314\\python.exe"]), error: None }

2026-07-29 13:56:17.338 [info] Resolved Python Environment C:\Python314\python.exe
2026-07-29 13:56:45.169 [error] [pet] [2m  42.659472000s[0m [31mERROR[0m [2mpet_python_utils::env[0m[2m:[0m Python Execution for "C:\\Python314\\python.exe" produced an output "" without a separator
[2m  42.659498000s[0m [31mERROR[0m [2mpet::jsonrpc[0m[2m:[0m Failed to resolve env "c:\\Python314\\python.exe", returning discovered env PythonEnvironment { display_name: Some("Python 3.14 (64-bit)"), name: None, executable: Some("C:\\Python314\\python.exe"), kind: Some(WindowsRegistry), version: Some("3.14.5"), prefix: Some("C:\\Python314"), manager: None, project: None, arch: Some(X64), symlinks: Some(["C:\\Python314\\python.exe"]), error: None }

2026-07-29 13:56:45.169 [info] Resolved Python Environment C:\Python314\python.exe
2026-07-29 13:56:45.199 [error] [pet] [2m  42.690055500s[0m [31mERROR[0m [2mpet_python_utils::env[0m[2m:[0m Python Execution for "C:\\Python314\\python.exe" produced an output "" without a separator
[2m  42.690080600s[0m [31mERROR[0m [2mpet::jsonrpc[0m[2m:[0m Failed to resolve env "c:\\Python314\\python.exe", returning discovered env PythonEnvironment { display_name: Some("Python 3.14 (64-bit)"), name: None, executable: Some("C:\\Python314\\python.exe"), kind: Some(WindowsRegistry), version: Some("3.14.5"), prefix: Some("C:\\Python314"), manager: None, project: None, arch: Some(X64), symlinks: Some(["C:\\Python314\\python.exe"]), error: None }

2026-07-29 13:56:45.200 [info] Resolved Python Environment C:\Python314\python.exe
2026-07-29 13:56:45.230 [error] [pet] [2m  42.720787000s[0m [31mERROR[0m [2mpet_python_utils::env[0m[2m:[0m Python Execution for "C:\\Python314\\python.exe" produced an output "" without a separator
[2m  42.720810500s[0m [31mERROR[0m [2mpet::jsonrpc[0m[2m:[0m Failed to resolve env "c:\\Python314\\python.exe", returning discovered env PythonEnvironment { display_name: Some("Python 3.14 (64-bit)"), name: None, executable: Some("C:\\Python314\\python.exe"), kind: Some(WindowsRegistry), version: Some("3.14.5"), prefix: Some("C:\\Python314"), manager: None, project: None, arch: Some(X64), symlinks: Some(["C:\\Python314\\python.exe"]), error: None }

2026-07-29 13:56:45.231 [info] Resolved Python Environment C:\Python314\python.exe
2026-07-29 13:56:45.260 [error] [pet] [2m  42.751038500s[0m [31mERROR[0m [2mpet_python_utils::env[0m[2m:[0m Python Execution for "C:\\Python314\\python.exe" produced an output "" without a separator
[2m  42.751070100s[0m [31mERROR[0m [2mpet::jsonrpc[0m[2m:[0m Failed to resolve env "c:\\Python314\\python.exe", returning discovered env PythonEnvironment { display_name: Some("Python 3.14 (64-bit)"), name: None, executable: Some("C:\\Python314\\python.exe"), kind: Some(WindowsRegistry), version: Some("3.14.5"), prefix: Some("C:\\Python314"), manager: None, project: None, arch: Some(X64), symlinks: Some(["C:\\Python314\\python.exe"]), error: None }

2026-07-29 13:56:45.261 [info] Resolved Python Environment C:\Python314\python.exe
2026-07-29 13:56:45.291 [error] [pet] [2m  42.781347900s[0m [31mERROR[0m [2mpet_python_utils::env[0m[2m:[0m Python Execution for "C:\\Python314\\python.exe" produced an output "" without a separator
[2m  42.781373300s[0m [31mERROR[0m [2mpet::jsonrpc[0m[2m:[0m Failed to resolve env "c:\\Python314\\python.exe", returning discovered env PythonEnvironment { display_name: Some("Python 3.14 (64-bit)"), name: None, executable: Some("C:\\Python314\\python.exe"), kind: Some(WindowsRegistry), version: Some("3.14.5"), prefix: Some("C:\\Python314"), manager: None, project: None, arch: Some(X64), symlinks: Some(["C:\\Python314\\python.exe"]), error: None }

2026-07-29 13:56:45.291 [info] Resolved Python Environment C:\Python314\python.exe
2026-07-29 14:00:27.970 [error] [pet] [2m 265.460522300s[0m [31mERROR[0m [2mpet_python_utils::env[0m[2m:[0m Python Execution for "C:\\Python314\\python.exe" produced an output "" without a separator
[2m 265.460553100s[0m [31mERROR[0m [2mpet::jsonrpc[0m[2m:[0m Failed to resolve env "c:\\Python314\\python.exe", returning discovered env PythonEnvironment { display_name: Some("Python 3.14 (64-bit)"), name: None, executable: Some("C:\\Python314\\python.exe"), kind: Some(WindowsRegistry), version: Some("3.14.5"), prefix: Some("C:\\Python314"), manager: None, project: None, arch: Some(X64), symlinks: Some(["C:\\Python314\\python.exe"]), error: None }

2026-07-29 14:00:27.970 [info] Resolved Python Environment C:\Python314\python.exe
2026-07-29 14:00:28.028 [error] [pet] [2m 265.518706900s[0m [31mERROR[0m [2mpet_python_utils::env[0m[2m:[0m Python Execution for "C:\\Python314\\python.exe" produced an output "" without a separator
[2m 265.518740600s[0m [31mERROR[0m [2mpet::jsonrpc[0m[2m:[0m Failed to resolve env "c:\\Python314\\python.exe", returning discovered env PythonEnvironment { display_name: Some("Python 3.14 (64-bit)"), name: None, executable: Some("C:\\Python314\\python.exe"), kind: Some(WindowsRegistry), version: Some("3.14.5"), prefix: Some("C:\\Python314"), manager: None, project: None, arch: Some(X64), symlinks: Some(["C:\\Python314\\python.exe"]), error: None }

2026-07-29 14:00:28.029 [info] Resolved Python Environment C:\Python314\python.exe
2026-07-29 14:00:28.092 [error] [pet] [2m 265.582809100s[0m [31mERROR[0m [2mpet_python_utils::env[0m[2m:[0m Python Execution for "C:\\Python314\\python.exe" produced an output "" without a separator
[2m 265.582836100s[0m [31mERROR[0m [2mpet::jsonrpc[0m[2m:[0m Failed to resolve env "c:\\Python314\\python.exe", returning discovered env PythonEnvironment { display_name: Some("Python 3.14 (64-bit)"), name: None, executable: Some("C:\\Python314\\python.exe"), kind: Some(WindowsRegistry), version: Some("3.14.5"), prefix: Some("C:\\Python314"), manager: None, project: None, arch: Some(X64), symlinks: Some(["C:\\Python314\\python.exe"]), error: None }

2026-07-29 14:00:28.093 [info] Resolved Python Environment C:\Python314\python.exe
2026-07-29 14:00:28.150 [error] [pet] [2m 265.640176900s[0m [31mERROR[0m [2mpet_python_utils::env[0m[2m:[0m Python Execution for "C:\\Python314\\python.exe" produced an output "" without a separator
[2m 265.640208700s[0m [31mERROR[0m [2mpet::jsonrpc[0m[2m:[0m Failed to resolve env "c:\\Python314\\python.exe", returning discovered env PythonEnvironment { display_name: Some("Python 3.14 (64-bit)"), name: None, executable: Some("C:\\Python314\\python.exe"), kind: Some(WindowsRegistry), version: Some("3.14.5"), prefix: Some("C:\\Python314"), manager: None, project: None, arch: Some(X64), symlinks: Some(["C:\\Python314\\python.exe"]), error: None }

2026-07-29 14:00:28.150 [info] Resolved Python Environment C:\Python314\python.exe
2026-07-29 14:00:28.209 [error] [pet] [2m 265.699516900s[0m [31mERROR[0m [2mpet_python_utils::env[0m[2m:[0m Python Execution for "C:\\Python314\\python.exe" produced an output "" without a separator
[2m 265.699544100s[0m [31mERROR[0m [2mpet::jsonrpc[0m[2m:[0m Failed to resolve env "c:\\Python314\\python.exe", returning discovered env PythonEnvironment { display_name: Some("Python 3.14 (64-bit)"), name: None, executable: Some("C:\\Python314\\python.exe"), kind: Some(WindowsRegistry), version: Some("3.14.5"), prefix: Some("C:\\Python314"), manager: None, project: None, arch: Some(X64), symlinks: Some(["C:\\Python314\\python.exe"]), error: None }

2026-07-29 14:00:28.209 [info] Resolved Python Environment C:\Python314\python.exe
2026-07-29 14:00:29.838 [error] [pet] [2m 267.328744000s[0m [31mERROR[0m [2mpet_python_utils::env[0m[2m:[0m Python Execution for "C:\\Python314\\python.exe" produced an output "" without a separator
[2m 267.328771100s[0m [31mERROR[0m [2mpet::jsonrpc[0m[2m:[0m Failed to resolve env "c:\\Python314\\python.exe", returning discovered env PythonEnvironment { display_name: Some("Python 3.14 (64-bit)"), name: None, executable: Some("C:\\Python314\\python.exe"), kind: Some(WindowsRegistry), version: Some("3.14.5"), prefix: Some("C:\\Python314"), manager: None, project: None, arch: Some(X64), symlinks: Some(["C:\\Python314\\python.exe"]), error: None }

2026-07-29 14:00:29.839 [info] Resolved Python Environment C:\Python314\python.exe
2026-07-29 14:00:29.869 [error] [pet] [2m 267.359928400s[0m [31mERROR[0m [2mpet_python_utils::env[0m[2m:[0m Python Execution for "C:\\Python314\\python.exe" produced an output "" without a separator
[2m 267.359952900s[0m [31mERROR[0m [2mpet::jsonrpc[0m[2m:[0m Failed to resolve env "c:\\Python314\\python.exe", returning discovered env PythonEnvironment { display_name: Some("Python 3.14 (64-bit)"), name: None, executable: Some("C:\\Python314\\python.exe"), kind: Some(WindowsRegistry), version: Some("3.14.5"), prefix: Some("C:\\Python314"), manager: None, project: None, arch: Some(X64), symlinks: Some(["C:\\Python314\\python.exe"]), error: None }

2026-07-29 14:00:29.870 [info] Resolved Python Environment C:\Python314\python.exe
2026-07-29 14:00:29.933 [error] [pet] [2m 267.416092400s[0m [31mERROR[0m [2mpet_python_utils::env[0m[2m:[0m Python Execution for "C:\\Python314\\python.exe" produced an output "" without a separator
[2m 267.416115900s[0m [31mERROR[0m [2mpet::jsonrpc[0m[2m:[0m Failed to resolve env "c:\\Python314\\python.exe", returning discovered env PythonEnvironment { display_name: Some("Python 3.14 (64-bit)"), name: None, executable: Some("C:\\Python314\\python.exe"), kind: Some(WindowsRegistry), version: Some("3.14.5"), prefix: Some("C:\\Python314"), manager: None, project: None, arch: Some(X64), symlinks: Some(["C:\\Python314\\python.exe"]), error: None }

2026-07-29 14:00:29.934 [info] Resolved Python Environment C:\Python314\python.exe
2026-07-29 14:00:29.989 [error] [pet] [2m 267.479957700s[0m [31mERROR[0m [2mpet_python_utils::env[0m[2m:[0m Python Execution for "C:\\Python314\\python.exe" produced an output "" without a separator
[2m 267.479992400s[0m [31mERROR[0m [2mpet::jsonrpc[0m[2m:[0m Failed to resolve env "c:\\Python314\\python.exe", returning discovered env PythonEnvironment { display_name: Some("Python 3.14 (64-bit)"), name: None, executable: Some("C:\\Python314\\python.exe"), kind: Some(WindowsRegistry), version: Some("3.14.5"), prefix: Some("C:\\Python314"), manager: None, project: None, arch: Some(X64), symlinks: Some(["C:\\Python314\\python.exe"]), error: None }

2026-07-29 14:00:29.990 [info] Resolved Python Environment C:\Python314\python.exe
2026-07-29 14:00:30.076 [error] [pet] [2m 267.559525900s[0m [31mERROR[0m [2mpet_python_utils::env[0m[2m:[0m Python Execution for "C:\\Python314\\python.exe" produced an output "" without a separator
[2m 267.559550700s[0m [31mERROR[0m [2mpet::jsonrpc[0m[2m:[0m Failed to resolve env "c:\\Python314\\python.exe", returning discovered env PythonEnvironment { display_name: Some("Python 3.14 (64-bit)"), name: None, executable: Some("C:\\Python314\\python.exe"), kind: Some(WindowsRegistry), version: Some("3.14.5"), prefix: Some("C:\\Python314"), manager: None, project: None, arch: Some(X64), symlinks: Some(["C:\\Python314\\python.exe"]), error: None }

2026-07-29 14:00:30.085 [info] Resolved Python Environment C:\Python314\python.exe
2026-07-29 14:03:45.249 [error] [pet] [2m 462.740014100s[0m [31mERROR[0m [2mpet_python_utils::env[0m[2m:[0m Python Execution for "C:\\Python314\\python.exe" produced an output "" without a separator
[2m 462.740045000s[0m [31mERROR[0m [2mpet::jsonrpc[0m[2m:[0m Failed to resolve env "c:\\Python314\\python.exe", returning discovered env PythonEnvironment { display_name: Some("Python 3.14 (64-bit)"), name: None, executable: Some("C:\\Python314\\python.exe"), kind: Some(WindowsRegistry), version: Some("3.14.5"), prefix: Some("C:\\Python314"), manager: None, project: None, arch: Some(X64), symlinks: Some(["C:\\Python314\\python.exe"]), error: None }

2026-07-29 14:03:45.250 [info] Resolved Python Environment C:\Python314\python.exe
2026-07-29 14:03:45.282 [error] [pet] [2m 462.771985200s[0m [31mERROR[0m [2mpet_python_utils::env[0m[2m:[0m Python Execution for "C:\\Python314\\python.exe" produced an output "" without a separator
[2m 462.772011300s[0m [31mERROR[0m [2mpet::jsonrpc[0m[2m:[0m Failed to resolve env "c:\\Python314\\python.exe", returning discovered env PythonEnvironment { display_name: Some("Python 3.14 (64-bit)"), name: None, executable: Some("C:\\Python314\\python.exe"), kind: Some(WindowsRegistry), version: Some("3.14.5"), prefix: Some("C:\\Python314"), manager: None, project: None, arch: Some(X64), symlinks: Some(["C:\\Python314\\python.exe"]), error: None }

2026-07-29 14:03:45.282 [info] Resolved Python Environment C:\Python314\python.exe
2026-07-29 14:03:45.312 [error] [pet] [2m 462.802771500s[0m [31mERROR[0m [2mpet_python_utils::env[0m[2m:[0m Python Execution for "C:\\Python314\\python.exe" produced an output "" without a separator
[2m 462.802797600s[0m [31mERROR[0m [2mpet::jsonrpc[0m[2m:[0m Failed to resolve env "c:\\Python314\\python.exe", returning discovered env PythonEnvironment { display_name: Some("Python 3.14 (64-bit)"), name: None, executable: Some("C:\\Python314\\python.exe"), kind: Some(WindowsRegistry), version: Some("3.14.5"), prefix: Some("C:\\Python314"), manager: None, project: None, arch: Some(X64), symlinks: Some(["C:\\Python314\\python.exe"]), error: None }

2026-07-29 14:03:45.313 [info] Resolved Python Environment C:\Python314\python.exe
2026-07-29 14:03:45.342 [error] [pet] [2m 462.832724400s[0m [31mERROR[0m [2mpet_python_utils::env[0m[2m:[0m Python Execution for "C:\\Python314\\python.exe" produced an output "" without a separator
[2m 462.832751900s[0m [31mERROR[0m [2mpet::jsonrpc[0m[2m:[0m Failed to resolve env "c:\\Python314\\python.exe", returning discovered env PythonEnvironment { display_name: Some("Python 3.14 (64-bit)"), name: None, executable: Some("C:\\Python314\\python.exe"), kind: Some(WindowsRegistry), version: Some("3.14.5"), prefix: Some("C:\\Python314"), manager: None, project: None, arch: Some(X64), symlinks: Some(["C:\\Python314\\python.exe"]), error: None }

2026-07-29 14:03:45.343 [info] Resolved Python Environment C:\Python314\python.exe
2026-07-29 14:03:45.373 [error] [pet] [2m 462.863203800s[0m [31mERROR[0m [2mpet_python_utils::env[0m[2m:[0m Python Execution for "C:\\Python314\\python.exe" produced an output "" without a separator
[2m 462.863229600s[0m [31mERROR[0m [2mpet::jsonrpc[0m[2m:[0m Failed to resolve env "c:\\Python314\\python.exe", returning discovered env PythonEnvironment { display_name: Some("Python 3.14 (64-bit)"), name: None, executable: Some("C:\\Python314\\python.exe"), kind: Some(WindowsRegistry), version: Some("3.14.5"), prefix: Some("C:\\Python314"), manager: None, project: None, arch: Some(X64), symlinks: Some(["C:\\Python314\\python.exe"]), error: None }

2026-07-29 14:03:45.373 [info] Resolved Python Environment C:\Python314\python.exe
2026-07-29 14:03:50.007 [error] [pet] [2m 467.497227800s[0m [31mERROR[0m [2mpet_python_utils::env[0m[2m:[0m Python Execution for "C:\\Python314\\python.exe" produced an output "" without a separator
[2m 467.497258500s[0m [31mERROR[0m [2mpet::jsonrpc[0m[2m:[0m Failed to resolve env "c:\\Python314\\python.exe", returning discovered env PythonEnvironment { display_name: Some("Python 3.14 (64-bit)"), name: None, executable: Some("C:\\Python314\\python.exe"), kind: Some(WindowsRegistry), version: Some("3.14.5"), prefix: Some("C:\\Python314"), manager: None, project: None, arch: Some(X64), symlinks: Some(["C:\\Python314\\python.exe"]), error: None }

2026-07-29 14:03:50.007 [info] Resolved Python Environment C:\Python314\python.exe
2026-07-29 14:03:50.038 [error] [pet] [2m 467.528090500s[0m [31mERROR[0m [2mpet_python_utils::env[0m[2m:[0m Python Execution for "C:\\Python314\\python.exe" produced an output "" without a separator
[2m 467.528120800s[0m [31mERROR[0m [2mpet::jsonrpc[0m[2m:[0m Failed to resolve env "c:\\Python314\\python.exe", returning discovered env PythonEnvironment { display_name: Some("Python 3.14 (64-bit)"), name: None, executable: Some("C:\\Python314\\python.exe"), kind: Some(WindowsRegistry), version: Some("3.14.5"), prefix: Some("C:\\Python314"), manager: None, project: None, arch: Some(X64), symlinks: Some(["C:\\Python314\\python.exe"]), error: None }

2026-07-29 14:03:50.038 [info] Resolved Python Environment C:\Python314\python.exe
2026-07-29 14:03:50.069 [error] [pet] [2m 467.559548700s[0m [31mERROR[0m [2mpet_python_utils::env[0m[2m:[0m Python Execution for "C:\\Python314\\python.exe" produced an output "" without a separator
[2m 467.559574900s[0m [31mERROR[0m [2mpet::jsonrpc[0m[2m:[0m Failed to resolve env "c:\\Python314\\python.exe", returning discovered env PythonEnvironment { display_name: Some("Python 3.14 (64-bit)"), name: None, executable: Some("C:\\Python314\\python.exe"), kind: Some(WindowsRegistry), version: Some("3.14.5"), prefix: Some("C:\\Python314"), manager: None, project: None, arch: Some(X64), symlinks: Some(["C:\\Python314\\python.exe"]), error: None }

2026-07-29 14:03:50.070 [info] Resolved Python Environment C:\Python314\python.exe
2026-07-29 14:03:50.101 [error] [pet] [2m 467.591872700s[0m [31mERROR[0m [2mpet_python_utils::env[0m[2m:[0m Python Execution for "C:\\Python314\\python.exe" produced an output "" without a separator
[2m 467.591895800s[0m [31mERROR[0m [2mpet::jsonrpc[0m[2m:[0m Failed to resolve env "c:\\Python314\\python.exe", returning discovered env PythonEnvironment { display_name: Some("Python 3.14 (64-bit)"), name: None, executable: Some("C:\\Python314\\python.exe"), kind: Some(WindowsRegistry), version: Some("3.14.5"), prefix: Some("C:\\Python314"), manager: None, project: None, arch: Some(X64), symlinks: Some(["C:\\Python314\\python.exe"]), error: None }

2026-07-29 14:03:50.102 [info] Resolved Python Environment C:\Python314\python.exe
2026-07-29 14:03:50.132 [error] [pet] [2m 467.622985300s[0m [31mERROR[0m [2mpet_python_utils::env[0m[2m:[0m Python Execution for "C:\\Python314\\python.exe" produced an output "" without a separator
[2m 467.623022300s[0m [31mERROR[0m [2mpet::jsonrpc[0m[2m:[0m Failed to resolve env "c:\\Python314\\python.exe", returning discovered env PythonEnvironment { display_name: Some("Python 3.14 (64-bit)"), name: None, executable: Some("C:\\Python314\\python.exe"), kind: Some(WindowsRegistry), version: Some("3.14.5"), prefix: Some("C:\\Python314"), manager: None, project: None, arch: Some(X64), symlinks: Some(["C:\\Python314\\python.exe"]), error: None }

2026-07-29 14:03:50.133 [info] Resolved Python Environment C:\Python314\python.exe
2026-07-29 14:11:20.866 [error] [pet] [2m 918.357014900s[0m [31mERROR[0m [2mpet_python_utils::env[0m[2m:[0m Python Execution for "C:\\Python314\\python.exe" produced an output "" without a separator
[2m 918.357044800s[0m [31mERROR[0m [2mpet::jsonrpc[0m[2m:[0m Failed to resolve env "c:\\Python314\\python.exe", returning discovered env PythonEnvironment { display_name: Some("Python 3.14 (64-bit)"), name: None, executable: Some("C:\\Python314\\python.exe"), kind: Some(WindowsRegistry), version: Some("3.14.5"), prefix: Some("C:\\Python314"), manager: None, project: None, arch: Some(X64), symlinks: Some(["C:\\Python314\\python.exe"]), error: None }

2026-07-29 14:11:20.867 [info] Resolved Python Environment C:\Python314\python.exe
2026-07-29 14:11:20.922 [error] [pet] [2m 918.413000800s[0m [31mERROR[0m [2mpet_python_utils::env[0m[2m:[0m Python Execution for "C:\\Python314\\python.exe" produced an output "" without a separator
[2m 918.413031500s[0m [31mERROR[0m [2mpet::jsonrpc[0m[2m:[0m Failed to resolve env "c:\\Python314\\python.exe", returning discovered env PythonEnvironment { display_name: Some("Python 3.14 (64-bit)"), name: None, executable: Some("C:\\Python314\\python.exe"), kind: Some(WindowsRegistry), version: Some("3.14.5"), prefix: Some("C:\\Python314"), manager: None, project: None, arch: Some(X64), symlinks: Some(["C:\\Python314\\python.exe"]), error: None }

2026-07-29 14:11:20.923 [info] Resolved Python Environment C:\Python314\python.exe
2026-07-29 14:11:20.954 [error] [pet] [2m 918.444587700s[0m [31mERROR[0m [2mpet_python_utils::env[0m[2m:[0m Python Execution for "C:\\Python314\\python.exe" produced an output "" without a separator
[2m 918.444613900s[0m [31mERROR[0m [2mpet::jsonrpc[0m[2m:[0m Failed to resolve env "c:\\Python314\\python.exe", returning discovered env PythonEnvironment { display_name: Some("Python 3.14 (64-bit)"), name: None, executable: Some("C:\\Python314\\python.exe"), kind: Some(WindowsRegistry), version: Some("3.14.5"), prefix: Some("C:\\Python314"), manager: None, project: None, arch: Some(X64), symlinks: Some(["C:\\Python314\\python.exe"]), error: None }

2026-07-29 14:11:20.954 [info] Resolved Python Environment C:\Python314\python.exe
2026-07-29 14:11:20.985 [error] [pet] [2m 918.475226500s[0m [31mERROR[0m [2mpet_python_utils::env[0m[2m:[0m Python Execution for "C:\\Python314\\python.exe" produced an output "" without a separator
[2m 918.475251900s[0m [31mERROR[0m [2mpet::jsonrpc[0m[2m:[0m Failed to resolve env "c:\\Python314\\python.exe", returning discovered env PythonEnvironment { display_name: Some("Python 3.14 (64-bit)"), name: None, executable: Some("C:\\Python314\\python.exe"), kind: Some(WindowsRegistry), version: Some("3.14.5"), prefix: Some("C:\\Python314"), manager: None, project: None, arch: Some(X64), symlinks: Some(["C:\\Python314\\python.exe"]), error: None }

2026-07-29 14:11:20.985 [info] Resolved Python Environment C:\Python314\python.exe
2026-07-29 14:11:21.025 [error] [pet] [2m 918.515798700s[0m [31mERROR[0m [2mpet_python_utils::env[0m[2m:[0m Python Execution for "C:\\Python314\\python.exe" produced an output "" without a separator

2026-07-29 14:11:21.025 [error] [pet] [2m 918.515837200s[0m [31mERROR[0m [2mpet::jsonrpc[0m[2m:[0m Failed to resolve env "c:\\Python314\\python.exe", returning discovered env PythonEnvironment { display_name: Some("Python 3.14 (64-bit)"), name: None, executable: Some("C:\\Python314\\python.exe"), kind: Some(WindowsRegistry), version: Some("3.14.5"), prefix: Some("C:\\Python314"), manager: None, project: None, arch: Some(X64), symlinks: Some(["C:\\Python314\\python.exe"]), error: None }

2026-07-29 14:11:21.026 [info] Resolved Python Environment C:\Python314\python.exe
2026-07-29 14:11:29.063 [error] [pet] [2m 926.554057300s[0m [31mERROR[0m [2mpet_python_utils::env[0m[2m:[0m Python Execution for "C:\\Python314\\python.exe" produced an output "" without a separator
[2m 926.554082300s[0m [31mERROR[0m [2mpet::jsonrpc[0m[2m:[0m Failed to resolve env "c:\\Python314\\python.exe", returning discovered env PythonEnvironment { display_name: Some("Python 3.14 (64-bit)"), name: None, executable: Some("C:\\Python314\\python.exe"), kind: Some(WindowsRegistry), version: Some("3.14.5"), prefix: Some("C:\\Python314"), manager: None, project: None, arch: Some(X64), symlinks: Some(["C:\\Python314\\python.exe"]), error: None }

2026-07-29 14:11:29.064 [info] Resolved Python Environment C:\Python314\python.exe
2026-07-29 14:11:29.094 [error] [pet] [2m 926.584350800s[0m [31mERROR[0m [2mpet_python_utils::env[0m[2m:[0m Python Execution for "C:\\Python314\\python.exe" produced an output "" without a separator
[2m 926.584375400s[0m [31mERROR[0m [2mpet::jsonrpc[0m[2m:[0m Failed to resolve env "c:\\Python314\\python.exe", returning discovered env PythonEnvironment { display_name: Some("Python 3.14 (64-bit)"), name: None, executable: Some("C:\\Python314\\python.exe"), kind: Some(WindowsRegistry), version: Some("3.14.5"), prefix: Some("C:\\Python314"), manager: None, project: None, arch: Some(X64), symlinks: Some(["C:\\Python314\\python.exe"]), error: None }

2026-07-29 14:11:29.094 [info] Resolved Python Environment C:\Python314\python.exe
2026-07-29 14:11:29.124 [error] [pet] [2m 926.614947700s[0m [31mERROR[0m [2mpet_python_utils::env[0m[2m:[0m Python Execution for "C:\\Python314\\python.exe" produced an output "" without a separator
[2m 926.614971500s[0m [31mERROR[0m [2mpet::jsonrpc[0m[2m:[0m Failed to resolve env "c:\\Python314\\python.exe", returning discovered env PythonEnvironment { display_name: Some("Python 3.14 (64-bit)"), name: None, executable: Some("C:\\Python314\\python.exe"), kind: Some(WindowsRegistry), version: Some("3.14.5"), prefix: Some("C:\\Python314"), manager: None, project: None, arch: Some(X64), symlinks: Some(["C:\\Python314\\python.exe"]), error: None }

2026-07-29 14:11:29.125 [info] Resolved Python Environment C:\Python314\python.exe
2026-07-29 14:11:29.155 [error] [pet] [2m 926.645849200s[0m [31mERROR[0m [2mpet_python_utils::env[0m[2m:[0m Python Execution for "C:\\Python314\\python.exe" produced an output "" without a separator
[2m 926.645874200s[0m [31mERROR[0m [2mpet::jsonrpc[0m[2m:[0m Failed to resolve env "c:\\Python314\\python.exe", returning discovered env PythonEnvironment { display_name: Some("Python 3.14 (64-bit)"), name: None, executable: Some("C:\\Python314\\python.exe"), kind: Some(WindowsRegistry), version: Some("3.14.5"), prefix: Some("C:\\Python314"), manager: None, project: None, arch: Some(X64), symlinks: Some(["C:\\Python314\\python.exe"]), error: None }

2026-07-29 14:11:29.156 [info] Resolved Python Environment C:\Python314\python.exe
2026-07-29 14:11:29.185 [error] [pet] [2m 926.675866100s[0m [31mERROR[0m [2mpet_python_utils::env[0m[2m:[0m Python Execution for "C:\\Python314\\python.exe" produced an output "" without a separator
[2m 926.675891900s[0m [31mERROR[0m [2mpet::jsonrpc[0m[2m:[0m Failed to resolve env "c:\\Python314\\python.exe", returning discovered env PythonEnvironment { display_name: Some("Python 3.14 (64-bit)"), name: None, executable: Some("C:\\Python314\\python.exe"), kind: Some(WindowsRegistry), version: Some("3.14.5"), prefix: Some("C:\\Python314"), manager: None, project: None, arch: Some(X64), symlinks: Some(["C:\\Python314\\python.exe"]), error: None }

2026-07-29 14:11:29.186 [info] Resolved Python Environment C:\Python314\python.exe
2026-07-29 14:41:05.031 [error] [pet] [2m2702.521379200s[0m [31mERROR[0m [2mpet_python_utils::env[0m[2m:[0m Python Execution for "C:\\Python314\\python.exe" produced an output "" without a separator
[2m2702.521412600s[0m [31mERROR[0m [2mpet::jsonrpc[0m[2m:[0m Failed to resolve env "c:\\Python314\\python.exe", returning discovered env PythonEnvironment { display_name: Some("Python 3.14 (64-bit)"), name: None, executable: Some("C:\\Python314\\python.exe"), kind: Some(WindowsRegistry), version: Some("3.14.5"), prefix: Some("C:\\Python314"), manager: None, project: None, arch: Some(X64), symlinks: Some(["C:\\Python314\\python.exe"]), error: None }

2026-07-29 14:41:05.031 [info] Resolved Python Environment C:\Python314\python.exe
2026-07-29 14:41:05.062 [error] [pet] [2m2702.552813800s[0m [31mERROR[0m [2mpet_python_utils::env[0m[2m:[0m Python Execution for "C:\\Python314\\python.exe" produced an output "" without a separator
[2m2702.552842400s[0m [31mERROR[0m [2mpet::jsonrpc[0m[2m:[0m Failed to resolve env "c:\\Python314\\python.exe", returning discovered env PythonEnvironment { display_name: Some("Python 3.14 (64-bit)"), name: None, executable: Some("C:\\Python314\\python.exe"), kind: Some(WindowsRegistry), version: Some("3.14.5"), prefix: Some("C:\\Python314"), manager: None, project: None, arch: Some(X64), symlinks: Some(["C:\\Python314\\python.exe"]), error: None }

2026-07-29 14:41:05.063 [info] Resolved Python Environment C:\Python314\python.exe
2026-07-29 14:41:05.093 [error] [pet] [2m2702.583339600s[0m [31mERROR[0m [2mpet_python_utils::env[0m[2m:[0m Python Execution for "C:\\Python314\\python.exe" produced an output "" without a separator
[2m2702.583365000s[0m [31mERROR[0m [2mpet::jsonrpc[0m[2m:[0m Failed to resolve env "c:\\Python314\\python.exe", returning discovered env PythonEnvironment { display_name: Some("Python 3.14 (64-bit)"), name: None, executable: Some("C:\\Python314\\python.exe"), kind: Some(WindowsRegistry), version: Some("3.14.5"), prefix: Some("C:\\Python314"), manager: None, project: None, arch: Some(X64), symlinks: Some(["C:\\Python314\\python.exe"]), error: None }

2026-07-29 14:41:05.093 [info] Resolved Python Environment C:\Python314\python.exe
2026-07-29 14:41:05.124 [error] [pet] [2m2702.614880800s[0m [31mERROR[0m [2mpet_python_utils::env[0m[2m:[0m Python Execution for "C:\\Python314\\python.exe" produced an output "" without a separator
[2m2702.614904900s[0m [31mERROR[0m [2mpet::jsonrpc[0m[2m:[0m Failed to resolve env "c:\\Python314\\python.exe", returning discovered env PythonEnvironment { display_name: Some("Python 3.14 (64-bit)"), name: None, executable: Some("C:\\Python314\\python.exe"), kind: Some(WindowsRegistry), version: Some("3.14.5"), prefix: Some("C:\\Python314"), manager: None, project: None, arch: Some(X64), symlinks: Some(["C:\\Python314\\python.exe"]), error: None }

2026-07-29 14:41:05.125 [info] Resolved Python Environment C:\Python314\python.exe
2026-07-29 14:41:05.156 [error] [pet] [2m2702.646415300s[0m [31mERROR[0m [2mpet_python_utils::env[0m[2m:[0m Python Execution for "C:\\Python314\\python.exe" produced an output "" without a separator
[2m2702.646440700s[0m [31mERROR[0m [2mpet::jsonrpc[0m[2m:[0m Failed to resolve env "c:\\Python314\\python.exe", returning discovered env PythonEnvironment { display_name: Some("Python 3.14 (64-bit)"), name: None, executable: Some("C:\\Python314\\python.exe"), kind: Some(WindowsRegistry), version: Some("3.14.5"), prefix: Some("C:\\Python314"), manager: None, project: None, arch: Some(X64), symlinks: Some(["C:\\Python314\\python.exe"]), error: None }

2026-07-29 14:41:05.156 [info] Resolved Python Environment C:\Python314\python.exe
2026-07-29 14:52:00.046 [error] [pet] [2m3357.536461200s[0m [31mERROR[0m [2mpet_python_utils::env[0m[2m:[0m Python Execution for "C:\\Python314\\python.exe" produced an output "" without a separator
[2m3357.536491600s[0m [31mERROR[0m [2mpet::jsonrpc[0m[2m:[0m Failed to resolve env "c:\\Python314\\python.exe", returning discovered env PythonEnvironment { display_name: Some("Python 3.14 (64-bit)"), name: None, executable: Some("C:\\Python314\\python.exe"), kind: Some(WindowsRegistry), version: Some("3.14.5"), prefix: Some("C:\\Python314"), manager: None, project: None, arch: Some(X64), symlinks: Some(["C:\\Python314\\python.exe"]), error: None }

2026-07-29 14:52:00.046 [info] Resolved Python Environment C:\Python314\python.exe
2026-07-29 14:52:00.103 [error] [pet] [2m3357.593667700s[0m [31mERROR[0m [2mpet_python_utils::env[0m[2m:[0m Python Execution for "C:\\Python314\\python.exe" produced an output "" without a separator
[2m3357.593696300s[0m [31mERROR[0m [2mpet::jsonrpc[0m[2m:[0m Failed to resolve env "c:\\Python314\\python.exe", returning discovered env PythonEnvironment { display_name: Some("Python 3.14 (64-bit)"), name: None, executable: Some("C:\\Python314\\python.exe"), kind: Some(WindowsRegistry), version: Some("3.14.5"), prefix: Some("C:\\Python314"), manager: None, project: None, arch: Some(X64), symlinks: Some(["C:\\Python314\\python.exe"]), error: None }

2026-07-29 14:52:00.104 [info] Resolved Python Environment C:\Python314\python.exe
2026-07-29 14:52:00.160 [error] [pet] [2m3357.650771300s[0m [31mERROR[0m [2mpet_python_utils::env[0m[2m:[0m Python Execution for "C:\\Python314\\python.exe" produced an output "" without a separator
[2m3357.650800200s[0m [31mERROR[0m [2mpet::jsonrpc[0m[2m:[0m Failed to resolve env "c:\\Python314\\python.exe", returning discovered env PythonEnvironment { display_name: Some("Python 3.14 (64-bit)"), name: None, executable: Some("C:\\Python314\\python.exe"), kind: Some(WindowsRegistry), version: Some("3.14.5"), prefix: Some("C:\\Python314"), manager: None, project: None, arch: Some(X64), symlinks: Some(["C:\\Python314\\python.exe"]), error: None }

2026-07-29 14:52:00.161 [info] Resolved Python Environment C:\Python314\python.exe
2026-07-29 14:52:00.279 [error] [pet] [2m3357.768800000s[0m [31mERROR[0m [2mpet_python_utils::env[0m[2m:[0m Python Execution for "C:\\Python314\\python.exe" produced an output "" without a separator
[2m3357.768824500s[0m [31mERROR[0m [2mpet::jsonrpc[0m[2m:[0m Failed to resolve env "c:\\Python314\\python.exe", returning discovered env PythonEnvironment { display_name: Some("Python 3.14 (64-bit)"), name: None, executable: Some("C:\\Python314\\python.exe"), kind: Some(WindowsRegistry), version: Some("3.14.5"), prefix: Some("C:\\Python314"), manager: None, project: None, arch: Some(X64), symlinks: Some(["C:\\Python314\\python.exe"]), error: None }

2026-07-29 14:52:00.280 [info] Resolved Python Environment C:\Python314\python.exe
2026-07-29 14:52:00.338 [error] [pet] [2m3357.828441700s[0m [31mERROR[0m [2mpet_python_utils::env[0m[2m:[0m Python Execution for "C:\\Python314\\python.exe" produced an output "" without a separator
[2m3357.828472000s[0m [31mERROR[0m [2mpet::jsonrpc[0m[2m:[0m Failed to resolve env "c:\\Python314\\python.exe", returning discovered env PythonEnvironment { display_name: Some("Python 3.14 (64-bit)"), name: None, executable: Some("C:\\Python314\\python.exe"), kind: Some(WindowsRegistry), version: Some("3.14.5"), prefix: Some("C:\\Python314"), manager: None, project: None, arch: Some(X64), symlinks: Some(["C:\\Python314\\python.exe"]), error: None }

2026-07-29 14:52:00.338 [info] Resolved Python Environment C:\Python314\python.exe
2026-07-29 14:52:06.622 [error] [pet] [2m3364.112386400s[0m [31mERROR[0m [2mpet_python_utils::env[0m[2m:[0m Python Execution for "C:\\Python314\\python.exe" produced an output "" without a separator
[2m3364.112430400s[0m [31mERROR[0m [2mpet::jsonrpc[0m[2m:[0m Failed to resolve env "c:\\Python314\\python.exe", returning discovered env PythonEnvironment { display_name: Some("Python 3.14 (64-bit)"), name: None, executable: Some("C:\\Python314\\python.exe"), kind: Some(WindowsRegistry), version: Some("3.14.5"), prefix: Some("C:\\Python314"), manager: None, project: None, arch: Some(X64), symlinks: Some(["C:\\Python314\\python.exe"]), error: None }

2026-07-29 14:52:06.622 [info] Resolved Python Environment C:\Python314\python.exe
2026-07-29 14:52:06.682 [error] [pet] [2m3364.172657700s[0m [31mERROR[0m [2mpet_python_utils::env[0m[2m:[0m Python Execution for "C:\\Python314\\python.exe" produced an output "" without a separator
[2m3364.172695200s[0m [31mERROR[0m [2mpet::jsonrpc[0m[2m:[0m Failed to resolve env "c:\\Python314\\python.exe", returning discovered env PythonEnvironment { display_name: Some("Python 3.14 (64-bit)"), name: None, executable: Some("C:\\Python314\\python.exe"), kind: Some(WindowsRegistry), version: Some("3.14.5"), prefix: Some("C:\\Python314"), manager: None, project: None, arch: Some(X64), symlinks: Some(["C:\\Python314\\python.exe"]), error: None }

2026-07-29 14:52:06.683 [info] Resolved Python Environment C:\Python314\python.exe
2026-07-29 14:52:06.740 [error] [pet] [2m3364.230906700s[0m [31mERROR[0m [2mpet_python_utils::env[0m[2m:[0m Python Execution for "C:\\Python314\\python.exe" produced an output "" without a separator
[2m3364.230938300s[0m [31mERROR[0m [2mpet::jsonrpc[0m[2m:[0m Failed to resolve env "c:\\Python314\\python.exe", returning discovered env PythonEnvironment { display_name: Some("Python 3.14 (64-bit)"), name: None, executable: Some("C:\\Python314\\python.exe"), kind: Some(WindowsRegistry), version: Some("3.14.5"), prefix: Some("C:\\Python314"), manager: None, project: None, arch: Some(X64), symlinks: Some(["C:\\Python314\\python.exe"]), error: None }

2026-07-29 14:52:06.741 [info] Resolved Python Environment C:\Python314\python.exe
2026-07-29 14:52:06.800 [error] [pet] [2m3364.290382600s[0m [31mERROR[0m [2mpet_python_utils::env[0m[2m:[0m Python Execution for "C:\\Python314\\python.exe" produced an output "" without a separator
[2m3364.290409100s[0m [31mERROR[0m [2mpet::jsonrpc[0m[2m:[0m Failed to resolve env "c:\\Python314\\python.exe", returning discovered env PythonEnvironment { display_name: Some("Python 3.14 (64-bit)"), name: None, executable: Some("C:\\Python314\\python.exe"), kind: Some(WindowsRegistry), version: Some("3.14.5"), prefix: Some("C:\\Python314"), manager: None, project: None, arch: Some(X64), symlinks: Some(["C:\\Python314\\python.exe"]), error: None }

2026-07-29 14:52:06.800 [info] Resolved Python Environment C:\Python314\python.exe
2026-07-29 14:52:06.857 [error] [pet] [2m3364.347413000s[0m [31mERROR[0m [2mpet_python_utils::env[0m[2m:[0m Python Execution for "C:\\Python314\\python.exe" produced an output "" without a separator
[2m3364.347443500s[0m [31mERROR[0m [2mpet::jsonrpc[0m[2m:[0m Failed to resolve env "c:\\Python314\\python.exe", returning discovered env PythonEnvironment { display_name: Some("Python 3.14 (64-bit)"), name: None, executable: Some("C:\\Python314\\python.exe"), kind: Some(WindowsRegistry), version: Some("3.14.5"), prefix: Some("C:\\Python314"), manager: None, project: None, arch: Some(X64), symlinks: Some(["C:\\Python314\\python.exe"]), error: None }

2026-07-29 14:52:06.857 [info] Resolved Python Environment C:\Python314\python.exe
2026-07-29 14:52:10.450 [error] [pet] [2m3367.940267000s[0m [31mERROR[0m [2mpet_python_utils::env[0m[2m:[0m Python Execution for "C:\\Python314\\python.exe" produced an output "" without a separator
[2m3367.940298600s[0m [31mERROR[0m [2mpet::jsonrpc[0m[2m:[0m Failed to resolve env "c:\\Python314\\python.exe", returning discovered env PythonEnvironment { display_name: Some("Python 3.14 (64-bit)"), name: None, executable: Some("C:\\Python314\\python.exe"), kind: Some(WindowsRegistry), version: Some("3.14.5"), prefix: Some("C:\\Python314"), manager: None, project: None, arch: Some(X64), symlinks: Some(["C:\\Python314\\python.exe"]), error: None }

2026-07-29 14:52:10.450 [info] Resolved Python Environment C:\Python314\python.exe
2026-07-29 14:52:10.506 [error] [pet] [2m3367.996645500s[0m [31mERROR[0m [2mpet_python_utils::env[0m[2m:[0m Python Execution for "C:\\Python314\\python.exe" produced an output "" without a separator
[2m3367.996669300s[0m [31mERROR[0m [2mpet::jsonrpc[0m[2m:[0m Failed to resolve env "c:\\Python314\\python.exe", returning discovered env PythonEnvironment { display_name: Some("Python 3.14 (64-bit)"), name: None, executable: Some("C:\\Python314\\python.exe"), kind: Some(WindowsRegistry), version: Some("3.14.5"), prefix: Some("C:\\Python314"), manager: None, project: None, arch: Some(X64), symlinks: Some(["C:\\Python314\\python.exe"]), error: None }

2026-07-29 14:52:10.506 [info] Resolved Python Environment C:\Python314\python.exe
2026-07-29 14:52:10.563 [error] [pet] [2m3368.053846400s[0m [31mERROR[0m [2mpet_python_utils::env[0m[2m:[0m Python Execution for "C:\\Python314\\python.exe" produced an output "" without a separator
[2m3368.053871600s[0m [31mERROR[0m [2mpet::jsonrpc[0m[2m:[0m Failed to resolve env "c:\\Python314\\python.exe", returning discovered env PythonEnvironment { display_name: Some("Python 3.14 (64-bit)"), name: None, executable: Some("C:\\Python314\\python.exe"), kind: Some(WindowsRegistry), version: Some("3.14.5"), prefix: Some("C:\\Python314"), manager: None, project: None, arch: Some(X64), symlinks: Some(["C:\\Python314\\python.exe"]), error: None }

2026-07-29 14:52:10.564 [info] Resolved Python Environment C:\Python314\python.exe
2026-07-29 14:52:10.620 [error] [pet] [2m3368.110158100s[0m [31mERROR[0m [2mpet_python_utils::env[0m[2m:[0m Python Execution for "C:\\Python314\\python.exe" produced an output "" without a separator
[2m3368.110184300s[0m [31mERROR[0m [2mpet::jsonrpc[0m[2m:[0m Failed to resolve env "c:\\Python314\\python.exe", returning discovered env PythonEnvironment { display_name: Some("Python 3.14 (64-bit)"), name: None, executable: Some("C:\\Python314\\python.exe"), kind: Some(WindowsRegistry), version: Some("3.14.5"), prefix: Some("C:\\Python314"), manager: None, project: None, arch: Some(X64), symlinks: Some(["C:\\Python314\\python.exe"]), error: None }

2026-07-29 14:52:10.620 [info] Resolved Python Environment C:\Python314\python.exe
2026-07-29 14:52:10.677 [error] [pet] [2m3368.168014500s[0m [31mERROR[0m [2mpet_python_utils::env[0m[2m:[0m Python Execution for "C:\\Python314\\python.exe" produced an output "" without a separator
[2m3368.168043500s[0m [31mERROR[0m [2mpet::jsonrpc[0m[2m:[0m Failed to resolve env "c:\\Python314\\python.exe", returning discovered env PythonEnvironment { display_name: Some("Python 3.14 (64-bit)"), name: None, executable: Some("C:\\Python314\\python.exe"), kind: Some(WindowsRegistry), version: Some("3.14.5"), prefix: Some("C:\\Python314"), manager: None, project: None, arch: Some(X64), symlinks: Some(["C:\\Python314\\python.exe"]), error: None }

2026-07-29 14:52:10.678 [info] Resolved Python Environment C:\Python314\python.exe
2026-07-29 14:52:48.375 [error] [pet] [2m3405.865925200s[0m [31mERROR[0m [2mpet_python_utils::env[0m[2m:[0m Python Execution for "C:\\Python314\\python.exe" produced an output "" without a separator
[2m3405.865952400s[0m [31mERROR[0m [2mpet::jsonrpc[0m[2m:[0m Failed to resolve env "c:\\Python314\\python.exe", returning discovered env PythonEnvironment { display_name: Some("Python 3.14 (64-bit)"), name: None, executable: Some("C:\\Python314\\python.exe"), kind: Some(WindowsRegistry), version: Some("3.14.5"), prefix: Some("C:\\Python314"), manager: None, project: None, arch: Some(X64), symlinks: Some(["C:\\Python314\\python.exe"]), error: None }

2026-07-29 14:52:48.376 [info] Resolved Python Environment C:\Python314\python.exe
2026-07-29 14:52:48.432 [error] [pet] [2m3405.922432300s[0m [31mERROR[0m [2mpet_python_utils::env[0m[2m:[0m Python Execution for "C:\\Python314\\python.exe" produced an output "" without a separator
[2m3405.922460800s[0m [31mERROR[0m [2mpet::jsonrpc[0m[2m:[0m Failed to resolve env "c:\\Python314\\python.exe", returning discovered env PythonEnvironment { display_name: Some("Python 3.14 (64-bit)"), name: None, executable: Some("C:\\Python314\\python.exe"), kind: Some(WindowsRegistry), version: Some("3.14.5"), prefix: Some("C:\\Python314"), manager: None, project: None, arch: Some(X64), symlinks: Some(["C:\\Python314\\python.exe"]), error: None }

2026-07-29 14:52:48.432 [info] Resolved Python Environment C:\Python314\python.exe
2026-07-29 14:52:48.464 [error] [pet] [2m3405.954269800s[0m [31mERROR[0m [2mpet_python_utils::env[0m[2m:[0m Python Execution for "C:\\Python314\\python.exe" produced an output "" without a separator
[2m3405.954293900s[0m [31mERROR[0m [2mpet::jsonrpc[0m[2m:[0m Failed to resolve env "c:\\Python314\\python.exe", returning discovered env PythonEnvironment { display_name: Some("Python 3.14 (64-bit)"), name: None, executable: Some("C:\\Python314\\python.exe"), kind: Some(WindowsRegistry), version: Some("3.14.5"), prefix: Some("C:\\Python314"), manager: None, project: None, arch: Some(X64), symlinks: Some(["C:\\Python314\\python.exe"]), error: None }

2026-07-29 14:52:48.464 [info] Resolved Python Environment C:\Python314\python.exe
2026-07-29 14:52:48.520 [error] [pet] [2m3406.010777300s[0m [31mERROR[0m [2mpet_python_utils::env[0m[2m:[0m Python Execution for "C:\\Python314\\python.exe" produced an output "" without a separator
[2m3406.010804500s[0m [31mERROR[0m [2mpet::jsonrpc[0m[2m:[0m Failed to resolve env "c:\\Python314\\python.exe", returning discovered env PythonEnvironment { display_name: Some("Python 3.14 (64-bit)"), name: None, executable: Some("C:\\Python314\\python.exe"), kind: Some(WindowsRegistry), version: Some("3.14.5"), prefix: Some("C:\\Python314"), manager: None, project: None, arch: Some(X64), symlinks: Some(["C:\\Python314\\python.exe"]), error: None }

2026-07-29 14:52:48.521 [info] Resolved Python Environment C:\Python314\python.exe
2026-07-29 14:52:48.551 [error] [pet] [2m3406.041683100s[0m [31mERROR[0m [2mpet_python_utils::env[0m[2m:[0m Python Execution for "C:\\Python314\\python.exe" produced an output "" without a separator
[2m3406.041706800s[0m [31mERROR[0m [2mpet::jsonrpc[0m[2m:[0m Failed to resolve env "c:\\Python314\\python.exe", returning discovered env PythonEnvironment { display_name: Some("Python 3.14 (64-bit)"), name: None, executable: Some("C:\\Python314\\python.exe"), kind: Some(WindowsRegistry), version: Some("3.14.5"), prefix: Some("C:\\Python314"), manager: None, project: None, arch: Some(X64), symlinks: Some(["C:\\Python314\\python.exe"]), error: None }

2026-07-29 14:52:48.552 [info] Resolved Python Environment C:\Python314\python.exe
2026-07-29 14:53:12.073 [error] [pet] [2m3429.563930600s[0m [31mERROR[0m [2mpet_python_utils::env[0m[2m:[0m Python Execution for "C:\\Python314\\python.exe" produced an output "" without a separator
[2m3429.563977400s[0m [31mERROR[0m [2mpet::jsonrpc[0m[2m:[0m Failed to resolve env "c:\\Python314\\python.exe", returning discovered env PythonEnvironment { display_name: Some("Python 3.14 (64-bit)"), name: None, executable: Some("C:\\Python314\\python.exe"), kind: Some(WindowsRegistry), version: Some("3.14.5"), prefix: Some("C:\\Python314"), manager: None, project: None, arch: Some(X64), symlinks: Some(["C:\\Python314\\python.exe"]), error: None }

2026-07-29 14:53:12.074 [info] Resolved Python Environment C:\Python314\python.exe
2026-07-29 14:53:12.129 [error] [pet] [2m3429.619911900s[0m [31mERROR[0m [2mpet_python_utils::env[0m[2m:[0m Python Execution for "C:\\Python314\\python.exe" produced an output "" without a separator
[2m3429.619938200s[0m [31mERROR[0m [2mpet::jsonrpc[0m[2m:[0m Failed to resolve env "c:\\Python314\\python.exe", returning discovered env PythonEnvironment { display_name: Some("Python 3.14 (64-bit)"), name: None, executable: Some("C:\\Python314\\python.exe"), kind: Some(WindowsRegistry), version: Some("3.14.5"), prefix: Some("C:\\Python314"), manager: None, project: None, arch: Some(X64), symlinks: Some(["C:\\Python314\\python.exe"]), error: None }

2026-07-29 14:53:12.130 [info] Resolved Python Environment C:\Python314\python.exe
2026-07-29 14:53:12.186 [error] [pet] [2m3429.676593400s[0m [31mERROR[0m [2mpet_python_utils::env[0m[2m:[0m Python Execution for "C:\\Python314\\python.exe" produced an output "" without a separator
[2m3429.676630900s[0m [31mERROR[0m [2mpet::jsonrpc[0m[2m:[0m Failed to resolve env "c:\\Python314\\python.exe", returning discovered env PythonEnvironment { display_name: Some("Python 3.14 (64-bit)"), name: None, executable: Some("C:\\Python314\\python.exe"), kind: Some(WindowsRegistry), version: Some("3.14.5"), prefix: Some("C:\\Python314"), manager: None, project: None, arch: Some(X64), symlinks: Some(["C:\\Python314\\python.exe"]), error: None }

2026-07-29 14:53:12.187 [info] Resolved Python Environment C:\Python314\python.exe
2026-07-29 14:53:12.244 [error] [pet] [2m3429.734823500s[0m [31mERROR[0m [2mpet_python_utils::env[0m[2m:[0m Python Execution for "C:\\Python314\\python.exe" produced an output "" without a separator
[2m3429.734847800s[0m [31mERROR[0m [2mpet::jsonrpc[0m[2m:[0m Failed to resolve env "c:\\Python314\\python.exe", returning discovered env PythonEnvironment { display_name: Some("Python 3.14 (64-bit)"), name: None, executable: Some("C:\\Python314\\python.exe"), kind: Some(WindowsRegistry), version: Some("3.14.5"), prefix: Some("C:\\Python314"), manager: None, project: None, arch: Some(X64), symlinks: Some(["C:\\Python314\\python.exe"]), error: None }

2026-07-29 14:53:12.245 [info] Resolved Python Environment C:\Python314\python.exe
2026-07-29 14:53:12.300 [error] [pet] [2m3429.790193400s[0m [31mERROR[0m [2mpet_python_utils::env[0m[2m:[0m Python Execution for "C:\\Python314\\python.exe" produced an output "" without a separator
[2m3429.790217900s[0m [31mERROR[0m [2mpet::jsonrpc[0m[2m:[0m Failed to resolve env "c:\\Python314\\python.exe", returning discovered env PythonEnvironment { display_name: Some("Python 3.14 (64-bit)"), name: None, executable: Some("C:\\Python314\\python.exe"), kind: Some(WindowsRegistry), version: Some("3.14.5"), prefix: Some("C:\\Python314"), manager: None, project: None, arch: Some(X64), symlinks: Some(["C:\\Python314\\python.exe"]), error: None }

2026-07-29 14:53:12.300 [info] Resolved Python Environment C:\Python314\python.exe
2026-07-29 14:53:16.954 [error] [pet] [2m3434.444375100s[0m [31mERROR[0m [2mpet_python_utils::env[0m[2m:[0m Python Execution for "C:\\Python314\\python.exe" produced an output "" without a separator
[2m3434.444412000s[0m [31mERROR[0m [2mpet::jsonrpc[0m[2m:[0m Failed to resolve env "c:\\Python314\\python.exe", returning discovered env PythonEnvironment { display_name: Some("Python 3.14 (64-bit)"), name: None, executable: Some("C:\\Python314\\python.exe"), kind: Some(WindowsRegistry), version: Some("3.14.5"), prefix: Some("C:\\Python314"), manager: None, project: None, arch: Some(X64), symlinks: Some(["C:\\Python314\\python.exe"]), error: None }

2026-07-29 14:53:16.954 [info] Resolved Python Environment C:\Python314\python.exe
2026-07-29 14:53:17.010 [error] [pet] [2m3434.501036000s[0m [31mERROR[0m [2mpet_python_utils::env[0m[2m:[0m Python Execution for "C:\\Python314\\python.exe" produced an output "" without a separator
[2m3434.501063700s[0m [31mERROR[0m [2mpet::jsonrpc[0m[2m:[0m Failed to resolve env "c:\\Python314\\python.exe", returning discovered env PythonEnvironment { display_name: Some("Python 3.14 (64-bit)"), name: None, executable: Some("C:\\Python314\\python.exe"), kind: Some(WindowsRegistry), version: Some("3.14.5"), prefix: Some("C:\\Python314"), manager: None, project: None, arch: Some(X64), symlinks: Some(["C:\\Python314\\python.exe"]), error: None }

2026-07-29 14:53:17.011 [info] Resolved Python Environment C:\Python314\python.exe
2026-07-29 14:53:17.066 [error] [pet] [2m3434.557021700s[0m [31mERROR[0m [2mpet_python_utils::env[0m[2m:[0m Python Execution for "C:\\Python314\\python.exe" produced an output "" without a separator
[2m3434.557049900s[0m [31mERROR[0m [2mpet::jsonrpc[0m[2m:[0m Failed to resolve env "c:\\Python314\\python.exe", returning discovered env PythonEnvironment { display_name: Some("Python 3.14 (64-bit)"), name: None, executable: Some("C:\\Python314\\python.exe"), kind: Some(WindowsRegistry), version: Some("3.14.5"), prefix: Some("C:\\Python314"), manager: None, project: None, arch: Some(X64), symlinks: Some(["C:\\Python314\\python.exe"]), error: None }

2026-07-29 14:53:17.067 [info] Resolved Python Environment C:\Python314\python.exe
2026-07-29 14:53:17.099 [error] [pet] [2m3434.589519000s[0m [31mERROR[0m [2mpet_python_utils::env[0m[2m:[0m Python Execution for "C:\\Python314\\python.exe" produced an output "" without a separator
[2m3434.589552200s[0m [31mERROR[0m [2mpet::jsonrpc[0m[2m:[0m Failed to resolve env "c:\\Python314\\python.exe", returning discovered env PythonEnvironment { display_name: Some("Python 3.14 (64-bit)"), name: None, executable: Some("C:\\Python314\\python.exe"), kind: Some(WindowsRegistry), version: Some("3.14.5"), prefix: Some("C:\\Python314"), manager: None, project: None, arch: Some(X64), symlinks: Some(["C:\\Python314\\python.exe"]), error: None }

2026-07-29 14:53:17.099 [info] Resolved Python Environment C:\Python314\python.exe
2026-07-29 14:53:17.156 [error] [pet] [2m3434.646860500s[0m [31mERROR[0m [2mpet_python_utils::env[0m[2m:[0m Python Execution for "C:\\Python314\\python.exe" produced an output "" without a separator
[2m3434.646889000s[0m [31mERROR[0m [2mpet::jsonrpc[0m[2m:[0m Failed to resolve env "c:\\Python314\\python.exe", returning discovered env PythonEnvironment { display_name: Some("Python 3.14 (64-bit)"), name: None, executable: Some("C:\\Python314\\python.exe"), kind: Some(WindowsRegistry), version: Some("3.14.5"), prefix: Some("C:\\Python314"), manager: None, project: None, arch: Some(X64), symlinks: Some(["C:\\Python314\\python.exe"]), error: None }

2026-07-29 14:53:17.157 [info] Resolved Python Environment C:\Python314\python.exe
2026-07-29 14:53:31.434 [error] [pet] [2m3448.924632400s[0m [31mERROR[0m [2mpet_python_utils::env[0m[2m:[0m Python Execution for "C:\\Python314\\python.exe" produced an output "" without a separator
[2m3448.924662200s[0m [31mERROR[0m [2mpet::jsonrpc[0m[2m:[0m Failed to resolve env "c:\\Python314\\python.exe", returning discovered env PythonEnvironment { display_name: Some("Python 3.14 (64-bit)"), name: None, executable: Some("C:\\Python314\\python.exe"), kind: Some(WindowsRegistry), version: Some("3.14.5"), prefix: Some("C:\\Python314"), manager: None, project: None, arch: Some(X64), symlinks: Some(["C:\\Python314\\python.exe"]), error: None }

2026-07-29 14:53:31.435 [info] Resolved Python Environment C:\Python314\python.exe
2026-07-29 14:53:31.492 [error] [pet] [2m3448.982752100s[0m [31mERROR[0m [2mpet_python_utils::env[0m[2m:[0m Python Execution for "C:\\Python314\\python.exe" produced an output "" without a separator
[2m3448.982777300s[0m [31mERROR[0m [2mpet::jsonrpc[0m[2m:[0m Failed to resolve env "c:\\Python314\\python.exe", returning discovered env PythonEnvironment { display_name: Some("Python 3.14 (64-bit)"), name: None, executable: Some("C:\\Python314\\python.exe"), kind: Some(WindowsRegistry), version: Some("3.14.5"), prefix: Some("C:\\Python314"), manager: None, project: None, arch: Some(X64), symlinks: Some(["C:\\Python314\\python.exe"]), error: None }

2026-07-29 14:53:31.493 [info] Resolved Python Environment C:\Python314\python.exe
2026-07-29 14:53:31.523 [error] [pet] [2m3449.013950800s[0m [31mERROR[0m [2mpet_python_utils::env[0m[2m:[0m Python Execution for "C:\\Python314\\python.exe" produced an output "" without a separator
[2m3449.013975800s[0m [31mERROR[0m [2mpet::jsonrpc[0m[2m:[0m Failed to resolve env "c:\\Python314\\python.exe", returning discovered env PythonEnvironment { display_name: Some("Python 3.14 (64-bit)"), name: None, executable: Some("C:\\Python314\\python.exe"), kind: Some(WindowsRegistry), version: Some("3.14.5"), prefix: Some("C:\\Python314"), manager: None, project: None, arch: Some(X64), symlinks: Some(["C:\\Python314\\python.exe"]), error: None }

2026-07-29 14:53:31.524 [info] Resolved Python Environment C:\Python314\python.exe
2026-07-29 14:53:31.554 [error] [pet] [2m3449.045022700s[0m [31mERROR[0m [2mpet_python_utils::env[0m[2m:[0m Python Execution for "C:\\Python314\\python.exe" produced an output "" without a separator
[2m3449.045051400s[0m [31mERROR[0m [2mpet::jsonrpc[0m[2m:[0m Failed to resolve env "c:\\Python314\\python.exe", returning discovered env PythonEnvironment { display_name: Some("Python 3.14 (64-bit)"), name: None, executable: Some("C:\\Python314\\python.exe"), kind: Some(WindowsRegistry), version: Some("3.14.5"), prefix: Some("C:\\Python314"), manager: None, project: None, arch: Some(X64), symlinks: Some(["C:\\Python314\\python.exe"]), error: None }

2026-07-29 14:53:31.555 [info] Resolved Python Environment C:\Python314\python.exe
2026-07-29 14:53:31.586 [error] [pet] [2m3449.076551200s[0m [31mERROR[0m [2mpet_python_utils::env[0m[2m:[0m Python Execution for "C:\\Python314\\python.exe" produced an output "" without a separator
[2m3449.076576700s[0m [31mERROR[0m [2mpet::jsonrpc[0m[2m:[0m Failed to resolve env "c:\\Python314\\python.exe", returning discovered env PythonEnvironment { display_name: Some("Python 3.14 (64-bit)"), name: None, executable: Some("C:\\Python314\\python.exe"), kind: Some(WindowsRegistry), version: Some("3.14.5"), prefix: Some("C:\\Python314"), manager: None, project: None, arch: Some(X64), symlinks: Some(["C:\\Python314\\python.exe"]), error: None }

2026-07-29 14:53:31.586 [info] Resolved Python Environment C:\Python314\python.exe
2026-07-29 14:53:38.332 [error] [pet] [2m3455.822657700s[0m [31mERROR[0m [2mpet_python_utils::env[0m[2m:[0m Python Execution for "C:\\Python314\\python.exe" produced an output "" without a separator
[2m3455.822682500s[0m [31mERROR[0m [2mpet::jsonrpc[0m[2m:[0m Failed to resolve env "c:\\Python314\\python.exe", returning discovered env PythonEnvironment { display_name: Some("Python 3.14 (64-bit)"), name: None, executable: Some("C:\\Python314\\python.exe"), kind: Some(WindowsRegistry), version: Some("3.14.5"), prefix: Some("C:\\Python314"), manager: None, project: None, arch: Some(X64), symlinks: Some(["C:\\Python314\\python.exe"]), error: None }

2026-07-29 14:53:38.332 [info] Resolved Python Environment C:\Python314\python.exe
2026-07-29 14:53:38.363 [error] [pet] [2m3455.853803500s[0m [31mERROR[0m [2mpet_python_utils::env[0m[2m:[0m Python Execution for "C:\\Python314\\python.exe" produced an output "" without a separator
[2m3455.853839400s[0m [31mERROR[0m [2mpet::jsonrpc[0m[2m:[0m Failed to resolve env "c:\\Python314\\python.exe", returning discovered env PythonEnvironment { display_name: Some("Python 3.14 (64-bit)"), name: None, executable: Some("C:\\Python314\\python.exe"), kind: Some(WindowsRegistry), version: Some("3.14.5"), prefix: Some("C:\\Python314"), manager: None, project: None, arch: Some(X64), symlinks: Some(["C:\\Python314\\python.exe"]), error: None }

2026-07-29 14:53:38.364 [info] Resolved Python Environment C:\Python314\python.exe
2026-07-29 14:53:38.394 [error] [pet] [2m3455.884508100s[0m [31mERROR[0m [2mpet_python_utils::env[0m[2m:[0m Python Execution for "C:\\Python314\\python.exe" produced an output "" without a separator
[2m3455.884539400s[0m [31mERROR[0m [2mpet::jsonrpc[0m[2m:[0m Failed to resolve env "c:\\Python314\\python.exe", returning discovered env PythonEnvironment { display_name: Some("Python 3.14 (64-bit)"), name: None, executable: Some("C:\\Python314\\python.exe"), kind: Some(WindowsRegistry), version: Some("3.14.5"), prefix: Some("C:\\Python314"), manager: None, project: None, arch: Some(X64), symlinks: Some(["C:\\Python314\\python.exe"]), error: None }

2026-07-29 14:53:38.394 [info] Resolved Python Environment C:\Python314\python.exe
2026-07-29 14:53:38.424 [error] [pet] [2m3455.914726500s[0m [31mERROR[0m [2mpet_python_utils::env[0m[2m:[0m Python Execution for "C:\\Python314\\python.exe" produced an output "" without a separator
[2m3455.914751200s[0m [31mERROR[0m [2mpet::jsonrpc[0m[2m:[0m Failed to resolve env "c:\\Python314\\python.exe", returning discovered env PythonEnvironment { display_name: Some("Python 3.14 (64-bit)"), name: None, executable: Some("C:\\Python314\\python.exe"), kind: Some(WindowsRegistry), version: Some("3.14.5"), prefix: Some("C:\\Python314"), manager: None, project: None, arch: Some(X64), symlinks: Some(["C:\\Python314\\python.exe"]), error: None }

2026-07-29 14:53:38.424 [info] Resolved Python Environment C:\Python314\python.exe
2026-07-29 14:53:38.454 [error] [pet] [2m3455.944995400s[0m [31mERROR[0m [2mpet_python_utils::env[0m[2m:[0m Python Execution for "C:\\Python314\\python.exe" produced an output "" without a separator
[2m3455.945018600s[0m [31mERROR[0m [2mpet::jsonrpc[0m[2m:[0m Failed to resolve env "c:\\Python314\\python.exe", returning discovered env PythonEnvironment { display_name: Some("Python 3.14 (64-bit)"), name: None, executable: Some("C:\\Python314\\python.exe"), kind: Some(WindowsRegistry), version: Some("3.14.5"), prefix: Some("C:\\Python314"), manager: None, project: None, arch: Some(X64), symlinks: Some(["C:\\Python314\\python.exe"]), error: None }

2026-07-29 14:53:38.455 [info] Resolved Python Environment C:\Python314\python.exe
2026-07-29 14:53:41.492 [error] [pet] [2m3458.982197500s[0m [31mERROR[0m [2mpet_python_utils::env[0m[2m:[0m Python Execution for "C:\\Python314\\python.exe" produced an output "" without a separator
[2m3458.982224400s[0m [31mERROR[0m [2mpet::jsonrpc[0m[2m:[0m Failed to resolve env "c:\\Python314\\python.exe", returning discovered env PythonEnvironment { display_name: Some("Python 3.14 (64-bit)"), name: None, executable: Some("C:\\Python314\\python.exe"), kind: Some(WindowsRegistry), version: Some("3.14.5"), prefix: Some("C:\\Python314"), manager: None, project: None, arch: Some(X64), symlinks: Some(["C:\\Python314\\python.exe"]), error: None }

2026-07-29 14:53:41.492 [info] Resolved Python Environment C:\Python314\python.exe
2026-07-29 14:53:41.524 [error] [pet] [2m3459.013493000s[0m [31mERROR[0m [2mpet_python_utils::env[0m[2m:[0m Python Execution for "C:\\Python314\\python.exe" produced an output "" without a separator
[2m3459.013549200s[0m [31mERROR[0m [2mpet::jsonrpc[0m[2m:[0m Failed to resolve env "c:\\Python314\\python.exe", returning discovered env PythonEnvironment { display_name: Some("Python 3.14 (64-bit)"), name: None, executable: Some("C:\\Python314\\python.exe"), kind: Some(WindowsRegistry), version: Some("3.14.5"), prefix: Some("C:\\Python314"), manager: None, project: None, arch: Some(X64), symlinks: Some(["C:\\Python314\\python.exe"]), error: None }

2026-07-29 14:53:41.524 [info] Resolved Python Environment C:\Python314\python.exe
2026-07-29 14:53:41.582 [error] [pet] [2m3459.072771500s[0m [31mERROR[0m [2mpet_python_utils::env[0m[2m:[0m Python Execution for "C:\\Python314\\python.exe" produced an output "" without a separator
[2m3459.072797100s[0m [31mERROR[0m [2mpet::jsonrpc[0m[2m:[0m Failed to resolve env "c:\\Python314\\python.exe", returning discovered env PythonEnvironment { display_name: Some("Python 3.14 (64-bit)"), name: None, executable: Some("C:\\Python314\\python.exe"), kind: Some(WindowsRegistry), version: Some("3.14.5"), prefix: Some("C:\\Python314"), manager: None, project: None, arch: Some(X64), symlinks: Some(["C:\\Python314\\python.exe"]), error: None }

2026-07-29 14:53:41.583 [info] Resolved Python Environment C:\Python314\python.exe
2026-07-29 14:53:41.613 [error] [pet] [2m3459.103212200s[0m [31mERROR[0m [2mpet_python_utils::env[0m[2m:[0m Python Execution for "C:\\Python314\\python.exe" produced an output "" without a separator
[2m3459.103235500s[0m [31mERROR[0m [2mpet::jsonrpc[0m[2m:[0m Failed to resolve env "c:\\Python314\\python.exe", returning discovered env PythonEnvironment { display_name: Some("Python 3.14 (64-bit)"), name: None, executable: Some("C:\\Python314\\python.exe"), kind: Some(WindowsRegistry), version: Some("3.14.5"), prefix: Some("C:\\Python314"), manager: None, project: None, arch: Some(X64), symlinks: Some(["C:\\Python314\\python.exe"]), error: None }

2026-07-29 14:53:41.613 [info] Resolved Python Environment C:\Python314\python.exe
2026-07-29 14:53:41.668 [error] [pet] [2m3459.159060300s[0m [31mERROR[0m [2mpet_python_utils::env[0m[2m:[0m Python Execution for "C:\\Python314\\python.exe" produced an output "" without a separator
[2m3459.159089900s[0m [31mERROR[0m [2mpet::jsonrpc[0m[2m:[0m Failed to resolve env "c:\\Python314\\python.exe", returning discovered env PythonEnvironment { display_name: Some("Python 3.14 (64-bit)"), name: None, executable: Some("C:\\Python314\\python.exe"), kind: Some(WindowsRegistry), version: Some("3.14.5"), prefix: Some("C:\\Python314"), manager: None, project: None, arch: Some(X64), symlinks: Some(["C:\\Python314\\python.exe"]), error: None }

2026-07-29 14:53:41.669 [info] Resolved Python Environment C:\Python314\python.exe
2026-07-29 14:53:44.137 [error] [pet] [2m3461.627750700s[0m [31mERROR[0m [2mpet_python_utils::env[0m[2m:[0m Python Execution for "C:\\Python314\\python.exe" produced an output "" without a separator
[2m3461.627784700s[0m [31mERROR[0m [2mpet::jsonrpc[0m[2m:[0m Failed to resolve env "c:\\Python314\\python.exe", returning discovered env PythonEnvironment { display_name: Some("Python 3.14 (64-bit)"), name: None, executable: Some("C:\\Python314\\python.exe"), kind: Some(WindowsRegistry), version: Some("3.14.5"), prefix: Some("C:\\Python314"), manager: None, project: None, arch: Some(X64), symlinks: Some(["C:\\Python314\\python.exe"]), error: None }

2026-07-29 14:53:44.138 [info] Resolved Python Environment C:\Python314\python.exe
2026-07-29 14:53:44.193 [error] [pet] [2m3461.683419600s[0m [31mERROR[0m [2mpet_python_utils::env[0m[2m:[0m Python Execution for "C:\\Python314\\python.exe" produced an output "" without a separator
[2m3461.683443500s[0m [31mERROR[0m [2mpet::jsonrpc[0m[2m:[0m Failed to resolve env "c:\\Python314\\python.exe", returning discovered env PythonEnvironment { display_name: Some("Python 3.14 (64-bit)"), name: None, executable: Some("C:\\Python314\\python.exe"), kind: Some(WindowsRegistry), version: Some("3.14.5"), prefix: Some("C:\\Python314"), manager: None, project: None, arch: Some(X64), symlinks: Some(["C:\\Python314\\python.exe"]), error: None }

2026-07-29 14:53:44.193 [info] Resolved Python Environment C:\Python314\python.exe
2026-07-29 14:53:44.251 [error] [pet] [2m3461.741172500s[0m [31mERROR[0m [2mpet_python_utils::env[0m[2m:[0m Python Execution for "C:\\Python314\\python.exe" produced an output "" without a separator
[2m3461.741203000s[0m [31mERROR[0m [2mpet::jsonrpc[0m[2m:[0m Failed to resolve env "c:\\Python314\\python.exe", returning discovered env PythonEnvironment { display_name: Some("Python 3.14 (64-bit)"), name: None, executable: Some("C:\\Python314\\python.exe"), kind: Some(WindowsRegistry), version: Some("3.14.5"), prefix: Some("C:\\Python314"), manager: None, project: None, arch: Some(X64), symlinks: Some(["C:\\Python314\\python.exe"]), error: None }

2026-07-29 14:53:44.251 [info] Resolved Python Environment C:\Python314\python.exe
2026-07-29 14:53:44.307 [error] [pet] [2m3461.797370400s[0m [31mERROR[0m [2mpet_python_utils::env[0m[2m:[0m Python Execution for "C:\\Python314\\python.exe" produced an output "" without a separator
[2m3461.797397600s[0m [31mERROR[0m [2mpet::jsonrpc[0m[2m:[0m Failed to resolve env "c:\\Python314\\python.exe", returning discovered env PythonEnvironment { display_name: Some("Python 3.14 (64-bit)"), name: None, executable: Some("C:\\Python314\\python.exe"), kind: Some(WindowsRegistry), version: Some("3.14.5"), prefix: Some("C:\\Python314"), manager: None, project: None, arch: Some(X64), symlinks: Some(["C:\\Python314\\python.exe"]), error: None }

2026-07-29 14:53:44.307 [info] Resolved Python Environment C:\Python314\python.exe
2026-07-29 14:53:44.338 [error] [pet] [2m3461.828142900s[0m [31mERROR[0m [2mpet_python_utils::env[0m[2m:[0m Python Execution for "C:\\Python314\\python.exe" produced an output "" without a separator
[2m3461.828173500s[0m [31mERROR[0m [2mpet::jsonrpc[0m[2m:[0m Failed to resolve env "c:\\Python314\\python.exe", returning discovered env PythonEnvironment { display_name: Some("Python 3.14 (64-bit)"), name: None, executable: Some("C:\\Python314\\python.exe"), kind: Some(WindowsRegistry), version: Some("3.14.5"), prefix: Some("C:\\Python314"), manager: None, project: None, arch: Some(X64), symlinks: Some(["C:\\Python314\\python.exe"]), error: None }

2026-07-29 14:53:44.338 [info] Resolved Python Environment C:\Python314\python.exe
2026-07-29 14:53:47.714 [error] [pet] [2m3465.204360400s[0m [31mERROR[0m [2mpet_python_utils::env[0m[2m:[0m Python Execution for "C:\\Python314\\python.exe" produced an output "" without a separator
[2m3465.204384100s[0m [31mERROR[0m [2mpet::jsonrpc[0m[2m:[0m Failed to resolve env "c:\\Python314\\python.exe", returning discovered env PythonEnvironment { display_name: Some("Python 3.14 (64-bit)"), name: None, executable: Some("C:\\Python314\\python.exe"), kind: Some(WindowsRegistry), version: Some("3.14.5"), prefix: Some("C:\\Python314"), manager: None, project: None, arch: Some(X64), symlinks: Some(["C:\\Python314\\python.exe"]), error: None }

2026-07-29 14:53:47.714 [info] Resolved Python Environment C:\Python314\python.exe
2026-07-29 14:53:47.744 [error] [pet] [2m3465.234739700s[0m [31mERROR[0m [2mpet_python_utils::env[0m[2m:[0m Python Execution for "C:\\Python314\\python.exe" produced an output "" without a separator
[2m3465.234766600s[0m [31mERROR[0m [2mpet::jsonrpc[0m[2m:[0m Failed to resolve env "c:\\Python314\\python.exe", returning discovered env PythonEnvironment { display_name: Some("Python 3.14 (64-bit)"), name: None, executable: Some("C:\\Python314\\python.exe"), kind: Some(WindowsRegistry), version: Some("3.14.5"), prefix: Some("C:\\Python314"), manager: None, project: None, arch: Some(X64), symlinks: Some(["C:\\Python314\\python.exe"]), error: None }

2026-07-29 14:53:47.745 [info] Resolved Python Environment C:\Python314\python.exe
2026-07-29 14:53:47.801 [error] [pet] [2m3465.291615500s[0m [31mERROR[0m [2mpet_python_utils::env[0m[2m:[0m Python Execution for "C:\\Python314\\python.exe" produced an output "" without a separator
[2m3465.291657500s[0m [31mERROR[0m [2mpet::jsonrpc[0m[2m:[0m Failed to resolve env "c:\\Python314\\python.exe", returning discovered env PythonEnvironment { display_name: Some("Python 3.14 (64-bit)"), name: None, executable: Some("C:\\Python314\\python.exe"), kind: Some(WindowsRegistry), version: Some("3.14.5"), prefix: Some("C:\\Python314"), manager: None, project: None, arch: Some(X64), symlinks: Some(["C:\\Python314\\python.exe"]), error: None }

2026-07-29 14:53:47.802 [info] Resolved Python Environment C:\Python314\python.exe
2026-07-29 14:53:47.858 [error] [pet] [2m3465.348528200s[0m [31mERROR[0m [2mpet_python_utils::env[0m[2m:[0m Python Execution for "C:\\Python314\\python.exe" produced an output "" without a separator
[2m3465.348551600s[0m [31mERROR[0m [2mpet::jsonrpc[0m[2m:[0m Failed to resolve env "c:\\Python314\\python.exe", returning discovered env PythonEnvironment { display_name: Some("Python 3.14 (64-bit)"), name: None, executable: Some("C:\\Python314\\python.exe"), kind: Some(WindowsRegistry), version: Some("3.14.5"), prefix: Some("C:\\Python314"), manager: None, project: None, arch: Some(X64), symlinks: Some(["C:\\Python314\\python.exe"]), error: None }

2026-07-29 14:53:47.858 [info] Resolved Python Environment C:\Python314\python.exe
2026-07-29 14:53:47.888 [error] [pet] [2m3465.378704400s[0m [31mERROR[0m [2mpet_python_utils::env[0m[2m:[0m Python Execution for "C:\\Python314\\python.exe" produced an output "" without a separator
[2m3465.378728500s[0m [31mERROR[0m [2mpet::jsonrpc[0m[2m:[0m Failed to resolve env "c:\\Python314\\python.exe", returning discovered env PythonEnvironment { display_name: Some("Python 3.14 (64-bit)"), name: None, executable: Some("C:\\Python314\\python.exe"), kind: Some(WindowsRegistry), version: Some("3.14.5"), prefix: Some("C:\\Python314"), manager: None, project: None, arch: Some(X64), symlinks: Some(["C:\\Python314\\python.exe"]), error: None }

2026-07-29 14:53:47.888 [info] Resolved Python Environment C:\Python314\python.exe
2026-07-29 14:53:48.480 [error] [pet] [2m3465.970983800s[0m [31mERROR[0m [2mpet_python_utils::env[0m[2m:[0m Python Execution for "C:\\Python314\\python.exe" produced an output "" without a separator
[2m3465.971017200s[0m [31mERROR[0m [2mpet::jsonrpc[0m[2m:[0m Failed to resolve env "c:\\Python314\\python.exe", returning discovered env PythonEnvironment { display_name: Some("Python 3.14 (64-bit)"), name: None, executable: Some("C:\\Python314\\python.exe"), kind: Some(WindowsRegistry), version: Some("3.14.5"), prefix: Some("C:\\Python314"), manager: None, project: None, arch: Some(X64), symlinks: Some(["C:\\Python314\\python.exe"]), error: None }

2026-07-29 14:53:48.481 [info] Resolved Python Environment C:\Python314\python.exe
2026-07-29 14:53:48.538 [error] [pet] [2m3466.028092100s[0m [31mERROR[0m [2mpet_python_utils::env[0m[2m:[0m Python Execution for "C:\\Python314\\python.exe" produced an output "" without a separator
[2m3466.028121100s[0m [31mERROR[0m [2mpet::jsonrpc[0m[2m:[0m Failed to resolve env "c:\\Python314\\python.exe", returning discovered env PythonEnvironment { display_name: Some("Python 3.14 (64-bit)"), name: None, executable: Some("C:\\Python314\\python.exe"), kind: Some(WindowsRegistry), version: Some("3.14.5"), prefix: Some("C:\\Python314"), manager: None, project: None, arch: Some(X64), symlinks: Some(["C:\\Python314\\python.exe"]), error: None }

2026-07-29 14:53:48.538 [info] Resolved Python Environment C:\Python314\python.exe
2026-07-29 14:53:48.594 [error] [pet] [2m3466.084491000s[0m [31mERROR[0m [2mpet_python_utils::env[0m[2m:[0m Python Execution for "C:\\Python314\\python.exe" produced an output "" without a separator
[2m3466.084517200s[0m [31mERROR[0m [2mpet::jsonrpc[0m[2m:[0m Failed to resolve env "c:\\Python314\\python.exe", returning discovered env PythonEnvironment { display_name: Some("Python 3.14 (64-bit)"), name: None, executable: Some("C:\\Python314\\python.exe"), kind: Some(WindowsRegistry), version: Some("3.14.5"), prefix: Some("C:\\Python314"), manager: None, project: None, arch: Some(X64), symlinks: Some(["C:\\Python314\\python.exe"]), error: None }

2026-07-29 14:53:48.594 [info] Resolved Python Environment C:\Python314\python.exe
2026-07-29 14:53:48.624 [error] [pet] [2m3466.114787000s[0m [31mERROR[0m [2mpet_python_utils::env[0m[2m:[0m Python Execution for "C:\\Python314\\python.exe" produced an output "" without a separator
[2m3466.114812700s[0m [31mERROR[0m [2mpet::jsonrpc[0m[2m:[0m Failed to resolve env "c:\\Python314\\python.exe", returning discovered env PythonEnvironment { display_name: Some("Python 3.14 (64-bit)"), name: None, executable: Some("C:\\Python314\\python.exe"), kind: Some(WindowsRegistry), version: Some("3.14.5"), prefix: Some("C:\\Python314"), manager: None, project: None, arch: Some(X64), symlinks: Some(["C:\\Python314\\python.exe"]), error: None }

2026-07-29 14:53:48.625 [info] Resolved Python Environment C:\Python314\python.exe
2026-07-29 14:53:48.683 [error] [pet] [2m3466.173643100s[0m [31mERROR[0m [2mpet_python_utils::env[0m[2m:[0m Python Execution for "C:\\Python314\\python.exe" produced an output "" without a separator
[2m3466.173678300s[0m [31mERROR[0m [2mpet::jsonrpc[0m[2m:[0m Failed to resolve env "c:\\Python314\\python.exe", returning discovered env PythonEnvironment { display_name: Some("Python 3.14 (64-bit)"), name: None, executable: Some("C:\\Python314\\python.exe"), kind: Some(WindowsRegistry), version: Some("3.14.5"), prefix: Some("C:\\Python314"), manager: None, project: None, arch: Some(X64), symlinks: Some(["C:\\Python314\\python.exe"]), error: None }

2026-07-29 14:53:48.683 [info] Resolved Python Environment C:\Python314\python.exe
2026-07-29 14:53:54.633 [error] [pet] [2m3472.123460200s[0m [31mERROR[0m [2mpet_python_utils::env[0m[2m:[0m Python Execution for "C:\\Python314\\python.exe" produced an output "" without a separator
[2m3472.123486200s[0m [31mERROR[0m [2mpet::jsonrpc[0m[2m:[0m Failed to resolve env "c:\\Python314\\python.exe", returning discovered env PythonEnvironment { display_name: Some("Python 3.14 (64-bit)"), name: None, executable: Some("C:\\Python314\\python.exe"), kind: Some(WindowsRegistry), version: Some("3.14.5"), prefix: Some("C:\\Python314"), manager: None, project: None, arch: Some(X64), symlinks: Some(["C:\\Python314\\python.exe"]), error: None }

2026-07-29 14:53:54.633 [info] Resolved Python Environment C:\Python314\python.exe
2026-07-29 14:53:54.664 [error] [pet] [2m3472.154641800s[0m [31mERROR[0m [2mpet_python_utils::env[0m[2m:[0m Python Execution for "C:\\Python314\\python.exe" produced an output "" without a separator
[2m3472.154668000s[0m [31mERROR[0m [2mpet::jsonrpc[0m[2m:[0m Failed to resolve env "c:\\Python314\\python.exe", returning discovered env PythonEnvironment { display_name: Some("Python 3.14 (64-bit)"), name: None, executable: Some("C:\\Python314\\python.exe"), kind: Some(WindowsRegistry), version: Some("3.14.5"), prefix: Some("C:\\Python314"), manager: None, project: None, arch: Some(X64), symlinks: Some(["C:\\Python314\\python.exe"]), error: None }

2026-07-29 14:53:54.664 [info] Resolved Python Environment C:\Python314\python.exe
2026-07-29 14:53:54.721 [error] [pet] [2m3472.211333400s[0m [31mERROR[0m [2mpet_python_utils::env[0m[2m:[0m Python Execution for "C:\\Python314\\python.exe" produced an output "" without a separator
[2m3472.211358800s[0m [31mERROR[0m [2mpet::jsonrpc[0m[2m:[0m Failed to resolve env "c:\\Python314\\python.exe", returning discovered env PythonEnvironment { display_name: Some("Python 3.14 (64-bit)"), name: None, executable: Some("C:\\Python314\\python.exe"), kind: Some(WindowsRegistry), version: Some("3.14.5"), prefix: Some("C:\\Python314"), manager: None, project: None, arch: Some(X64), symlinks: Some(["C:\\Python314\\python.exe"]), error: None }

2026-07-29 14:53:54.721 [info] Resolved Python Environment C:\Python314\python.exe
2026-07-29 14:53:54.753 [error] [pet] [2m3472.243499200s[0m [31mERROR[0m [2mpet_python_utils::env[0m[2m:[0m Python Execution for "C:\\Python314\\python.exe" produced an output "" without a separator
[2m3472.243524000s[0m [31mERROR[0m [2mpet::jsonrpc[0m[2m:[0m Failed to resolve env "c:\\Python314\\python.exe", returning discovered env PythonEnvironment { display_name: Some("Python 3.14 (64-bit)"), name: None, executable: Some("C:\\Python314\\python.exe"), kind: Some(WindowsRegistry), version: Some("3.14.5"), prefix: Some("C:\\Python314"), manager: None, project: None, arch: Some(X64), symlinks: Some(["C:\\Python314\\python.exe"]), error: None }

2026-07-29 14:53:54.753 [info] Resolved Python Environment C:\Python314\python.exe
2026-07-29 14:53:54.784 [error] [pet] [2m3472.274251500s[0m [31mERROR[0m [2mpet_python_utils::env[0m[2m:[0m Python Execution for "C:\\Python314\\python.exe" produced an output "" without a separator
[2m3472.274280400s[0m [31mERROR[0m [2mpet::jsonrpc[0m[2m:[0m Failed to resolve env "c:\\Python314\\python.exe", returning discovered env PythonEnvironment { display_name: Some("Python 3.14 (64-bit)"), name: None, executable: Some("C:\\Python314\\python.exe"), kind: Some(WindowsRegistry), version: Some("3.14.5"), prefix: Some("C:\\Python314"), manager: None, project: None, arch: Some(X64), symlinks: Some(["C:\\Python314\\python.exe"]), error: None }

2026-07-29 14:53:54.784 [info] Resolved Python Environment C:\Python314\python.exe
2026-07-29 14:53:59.365 [error] [pet] [2m3476.855412900s[0m [31mERROR[0m [2mpet_python_utils::env[0m[2m:[0m Python Execution for "C:\\Python314\\python.exe" produced an output "" without a separator
[2m3476.855444100s[0m [31mERROR[0m [2mpet::jsonrpc[0m[2m:[0m Failed to resolve env "c:\\Python314\\python.exe", returning discovered env PythonEnvironment { display_name: Some("Python 3.14 (64-bit)"), name: None, executable: Some("C:\\Python314\\python.exe"), kind: Some(WindowsRegistry), version: Some("3.14.5"), prefix: Some("C:\\Python314"), manager: None, project: None, arch: Some(X64), symlinks: Some(["C:\\Python314\\python.exe"]), error: None }

2026-07-29 14:53:59.365 [info] Resolved Python Environment C:\Python314\python.exe
2026-07-29 14:53:59.422 [error] [pet] [2m3476.912286600s[0m [31mERROR[0m [2mpet_python_utils::env[0m[2m:[0m Python Execution for "C:\\Python314\\python.exe" produced an output "" without a separator
[2m3476.912311200s[0m [31mERROR[0m [2mpet::jsonrpc[0m[2m:[0m Failed to resolve env "c:\\Python314\\python.exe", returning discovered env PythonEnvironment { display_name: Some("Python 3.14 (64-bit)"), name: None, executable: Some("C:\\Python314\\python.exe"), kind: Some(WindowsRegistry), version: Some("3.14.5"), prefix: Some("C:\\Python314"), manager: None, project: None, arch: Some(X64), symlinks: Some(["C:\\Python314\\python.exe"]), error: None }

2026-07-29 14:53:59.422 [info] Resolved Python Environment C:\Python314\python.exe
2026-07-29 14:53:59.478 [error] [pet] [2m3476.968186300s[0m [31mERROR[0m [2mpet_python_utils::env[0m[2m:[0m Python Execution for "C:\\Python314\\python.exe" produced an output "" without a separator
[2m3476.968217200s[0m [31mERROR[0m [2mpet::jsonrpc[0m[2m:[0m Failed to resolve env "c:\\Python314\\python.exe", returning discovered env PythonEnvironment { display_name: Some("Python 3.14 (64-bit)"), name: None, executable: Some("C:\\Python314\\python.exe"), kind: Some(WindowsRegistry), version: Some("3.14.5"), prefix: Some("C:\\Python314"), manager: None, project: None, arch: Some(X64), symlinks: Some(["C:\\Python314\\python.exe"]), error: None }

2026-07-29 14:53:59.478 [info] Resolved Python Environment C:\Python314\python.exe
2026-07-29 14:53:59.535 [error] [pet] [2m3477.025500000s[0m [31mERROR[0m [2mpet_python_utils::env[0m[2m:[0m Python Execution for "C:\\Python314\\python.exe" produced an output "" without a separator
[2m3477.025532200s[0m [31mERROR[0m [2mpet::jsonrpc[0m[2m:[0m Failed to resolve env "c:\\Python314\\python.exe", returning discovered env PythonEnvironment { display_name: Some("Python 3.14 (64-bit)"), name: None, executable: Some("C:\\Python314\\python.exe"), kind: Some(WindowsRegistry), version: Some("3.14.5"), prefix: Some("C:\\Python314"), manager: None, project: None, arch: Some(X64), symlinks: Some(["C:\\Python314\\python.exe"]), error: None }

2026-07-29 14:53:59.536 [info] Resolved Python Environment C:\Python314\python.exe
2026-07-29 14:53:59.592 [error] [pet] [2m3477.082707300s[0m [31mERROR[0m [2mpet_python_utils::env[0m[2m:[0m Python Execution for "C:\\Python314\\python.exe" produced an output "" without a separator
[2m3477.082733500s[0m [31mERROR[0m [2mpet::jsonrpc[0m[2m:[0m Failed to resolve env "c:\\Python314\\python.exe", returning discovered env PythonEnvironment { display_name: Some("Python 3.14 (64-bit)"), name: None, executable: Some("C:\\Python314\\python.exe"), kind: Some(WindowsRegistry), version: Some("3.14.5"), prefix: Some("C:\\Python314"), manager: None, project: None, arch: Some(X64), symlinks: Some(["C:\\Python314\\python.exe"]), error: None }

2026-07-29 14:53:59.592 [info] Resolved Python Environment C:\Python314\python.exe
2026-07-29 14:54:05.570 [error] [pet] [2m3483.060970000s[0m [31mERROR[0m [2mpet_python_utils::env[0m[2m:[0m Python Execution for "C:\\Python314\\python.exe" produced an output "" without a separator
[2m3483.060997400s[0m [31mERROR[0m [2mpet::jsonrpc[0m[2m:[0m Failed to resolve env "c:\\Python314\\python.exe", returning discovered env PythonEnvironment { display_name: Some("Python 3.14 (64-bit)"), name: None, executable: Some("C:\\Python314\\python.exe"), kind: Some(WindowsRegistry), version: Some("3.14.5"), prefix: Some("C:\\Python314"), manager: None, project: None, arch: Some(X64), symlinks: Some(["C:\\Python314\\python.exe"]), error: None }

2026-07-29 14:54:05.571 [info] Resolved Python Environment C:\Python314\python.exe
2026-07-29 14:54:05.602 [error] [pet] [2m3483.092390000s[0m [31mERROR[0m [2mpet_python_utils::env[0m[2m:[0m Python Execution for "C:\\Python314\\python.exe" produced an output "" without a separator
[2m3483.092415500s[0m [31mERROR[0m [2mpet::jsonrpc[0m[2m:[0m Failed to resolve env "c:\\Python314\\python.exe", returning discovered env PythonEnvironment { display_name: Some("Python 3.14 (64-bit)"), name: None, executable: Some("C:\\Python314\\python.exe"), kind: Some(WindowsRegistry), version: Some("3.14.5"), prefix: Some("C:\\Python314"), manager: None, project: None, arch: Some(X64), symlinks: Some(["C:\\Python314\\python.exe"]), error: None }

2026-07-29 14:54:05.602 [info] Resolved Python Environment C:\Python314\python.exe
2026-07-29 14:54:05.632 [error] [pet] [2m3483.122575900s[0m [31mERROR[0m [2mpet_python_utils::env[0m[2m:[0m Python Execution for "C:\\Python314\\python.exe" produced an output "" without a separator
[2m3483.122599500s[0m [31mERROR[0m [2mpet::jsonrpc[0m[2m:[0m Failed to resolve env "c:\\Python314\\python.exe", returning discovered env PythonEnvironment { display_name: Some("Python 3.14 (64-bit)"), name: None, executable: Some("C:\\Python314\\python.exe"), kind: Some(WindowsRegistry), version: Some("3.14.5"), prefix: Some("C:\\Python314"), manager: None, project: None, arch: Some(X64), symlinks: Some(["C:\\Python314\\python.exe"]), error: None }

2026-07-29 14:54:05.632 [info] Resolved Python Environment C:\Python314\python.exe
2026-07-29 14:54:05.662 [error] [pet] [2m3483.153021300s[0m [31mERROR[0m [2mpet_python_utils::env[0m[2m:[0m Python Execution for "C:\\Python314\\python.exe" produced an output "" without a separator
[2m3483.153048100s[0m [31mERROR[0m [2mpet::jsonrpc[0m[2m:[0m Failed to resolve env "c:\\Python314\\python.exe", returning discovered env PythonEnvironment { display_name: Some("Python 3.14 (64-bit)"), name: None, executable: Some("C:\\Python314\\python.exe"), kind: Some(WindowsRegistry), version: Some("3.14.5"), prefix: Some("C:\\Python314"), manager: None, project: None, arch: Some(X64), symlinks: Some(["C:\\Python314\\python.exe"]), error: None }

2026-07-29 14:54:05.663 [info] Resolved Python Environment C:\Python314\python.exe
2026-07-29 14:54:05.693 [error] [pet] [2m3483.183604700s[0m [31mERROR[0m [2mpet_python_utils::env[0m[2m:[0m Python Execution for "C:\\Python314\\python.exe" produced an output "" without a separator
[2m3483.183630200s[0m [31mERROR[0m [2mpet::jsonrpc[0m[2m:[0m Failed to resolve env "c:\\Python314\\python.exe", returning discovered env PythonEnvironment { display_name: Some("Python 3.14 (64-bit)"), name: None, executable: Some("C:\\Python314\\python.exe"), kind: Some(WindowsRegistry), version: Some("3.14.5"), prefix: Some("C:\\Python314"), manager: None, project: None, arch: Some(X64), symlinks: Some(["C:\\Python314\\python.exe"]), error: None }

2026-07-29 14:54:05.693 [info] Resolved Python Environment C:\Python314\python.exe
2026-07-29 14:54:48.991 [error] [pet] [2m3526.481170100s[0m [31mERROR[0m [2mpet_python_utils::env[0m[2m:[0m Python Execution for "C:\\Python314\\python.exe" produced an output "" without a separator
[2m3526.481197100s[0m [31mERROR[0m [2mpet::jsonrpc[0m[2m:[0m Failed to resolve env "c:\\Python314\\python.exe", returning discovered env PythonEnvironment { display_name: Some("Python 3.14 (64-bit)"), name: None, executable: Some("C:\\Python314\\python.exe"), kind: Some(WindowsRegistry), version: Some("3.14.5"), prefix: Some("C:\\Python314"), manager: None, project: None, arch: Some(X64), symlinks: Some(["C:\\Python314\\python.exe"]), error: None }

2026-07-29 14:54:48.991 [info] Resolved Python Environment C:\Python314\python.exe
2026-07-29 14:54:49.085 [error] [pet] [2m3526.575914300s[0m [31mERROR[0m [2mpet_python_utils::env[0m[2m:[0m Python Execution for "C:\\Python314\\python.exe" produced an output "" without a separator
[2m3526.575952800s[0m [31mERROR[0m [2mpet::jsonrpc[0m[2m:[0m Failed to resolve env "c:\\Python314\\python.exe", returning discovered env PythonEnvironment { display_name: Some("Python 3.14 (64-bit)"), name: None, executable: Some("C:\\Python314\\python.exe"), kind: Some(WindowsRegistry), version: Some("3.14.5"), prefix: Some("C:\\Python314"), manager: None, project: None, arch: Some(X64), symlinks: Some(["C:\\Python314\\python.exe"]), error: None }

2026-07-29 14:54:49.086 [info] Resolved Python Environment C:\Python314\python.exe
2026-07-29 14:54:49.116 [error] [pet] [2m3526.607047800s[0m [31mERROR[0m [2mpet_python_utils::env[0m[2m:[0m Python Execution for "C:\\Python314\\python.exe" produced an output "" without a separator
[2m3526.607072000s[0m [31mERROR[0m [2mpet::jsonrpc[0m[2m:[0m Failed to resolve env "c:\\Python314\\python.exe", returning discovered env PythonEnvironment { display_name: Some("Python 3.14 (64-bit)"), name: None, executable: Some("C:\\Python314\\python.exe"), kind: Some(WindowsRegistry), version: Some("3.14.5"), prefix: Some("C:\\Python314"), manager: None, project: None, arch: Some(X64), symlinks: Some(["C:\\Python314\\python.exe"]), error: None }

2026-07-29 14:54:49.117 [info] Resolved Python Environment C:\Python314\python.exe
2026-07-29 14:54:49.147 [error] [pet] [2m3526.637248300s[0m [31mERROR[0m [2mpet_python_utils::env[0m[2m:[0m Python Execution for "C:\\Python314\\python.exe" produced an output "" without a separator
[2m3526.637272300s[0m [31mERROR[0m [2mpet::jsonrpc[0m[2m:[0m Failed to resolve env "c:\\Python314\\python.exe", returning discovered env PythonEnvironment { display_name: Some("Python 3.14 (64-bit)"), name: None, executable: Some("C:\\Python314\\python.exe"), kind: Some(WindowsRegistry), version: Some("3.14.5"), prefix: Some("C:\\Python314"), manager: None, project: None, arch: Some(X64), symlinks: Some(["C:\\Python314\\python.exe"]), error: None }

2026-07-29 14:54:49.147 [info] Resolved Python Environment C:\Python314\python.exe
2026-07-29 14:54:49.177 [error] [pet] [2m3526.667594700s[0m [31mERROR[0m [2mpet_python_utils::env[0m[2m:[0m Python Execution for "C:\\Python314\\python.exe" produced an output "" without a separator
[2m3526.667621600s[0m [31mERROR[0m [2mpet::jsonrpc[0m[2m:[0m Failed to resolve env "c:\\Python314\\python.exe", returning discovered env PythonEnvironment { display_name: Some("Python 3.14 (64-bit)"), name: None, executable: Some("C:\\Python314\\python.exe"), kind: Some(WindowsRegistry), version: Some("3.14.5"), prefix: Some("C:\\Python314"), manager: None, project: None, arch: Some(X64), symlinks: Some(["C:\\Python314\\python.exe"]), error: None }

2026-07-29 14:54:49.177 [info] Resolved Python Environment C:\Python314\python.exe
2026-07-29 14:55:05.747 [error] [pet] [2m3543.237382200s[0m [31mERROR[0m [2mpet_python_utils::env[0m[2m:[0m Python Execution for "C:\\Python314\\python.exe" produced an output "" without a separator
[2m3543.237444700s[0m [31mERROR[0m [2mpet::jsonrpc[0m[2m:[0m Failed to resolve env "c:\\Python314\\python.exe", returning discovered env PythonEnvironment { display_name: Some("Python 3.14 (64-bit)"), name: None, executable: Some("C:\\Python314\\python.exe"), kind: Some(WindowsRegistry), version: Some("3.14.5"), prefix: Some("C:\\Python314"), manager: None, project: None, arch: Some(X64), symlinks: Some(["C:\\Python314\\python.exe"]), error: None }

2026-07-29 14:55:05.748 [info] Resolved Python Environment C:\Python314\python.exe
2026-07-29 14:55:05.807 [error] [pet] [2m3543.297006800s[0m [31mERROR[0m [2mpet_python_utils::env[0m[2m:[0m Python Execution for "C:\\Python314\\python.exe" produced an output "" without a separator
[2m3543.297050600s[0m [31mERROR[0m [2mpet::jsonrpc[0m[2m:[0m Failed to resolve env "c:\\Python314\\python.exe", returning discovered env PythonEnvironment { display_name: Some("Python 3.14 (64-bit)"), name: None, executable: Some("C:\\Python314\\python.exe"), kind: Some(WindowsRegistry), version: Some("3.14.5"), prefix: Some("C:\\Python314"), manager: None, project: None, arch: Some(X64), symlinks: Some(["C:\\Python314\\python.exe"]), error: None }

2026-07-29 14:55:05.807 [info] Resolved Python Environment C:\Python314\python.exe
2026-07-29 14:55:05.936 [error] [pet] [2m3543.426947200s[0m [31mERROR[0m [2mpet_python_utils::env[0m[2m:[0m Python Execution for "C:\\Python314\\python.exe" produced an output "" without a separator
[2m3543.426975100s[0m [31mERROR[0m [2mpet::jsonrpc[0m[2m:[0m Failed to resolve env "c:\\Python314\\python.exe", returning discovered env PythonEnvironment { display_name: Some("Python 3.14 (64-bit)"), name: None, executable: Some("C:\\Python314\\python.exe"), kind: Some(WindowsRegistry), version: Some("3.14.5"), prefix: Some("C:\\Python314"), manager: None, project: None, arch: Some(X64), symlinks: Some(["C:\\Python314\\python.exe"]), error: None }

2026-07-29 14:55:05.937 [info] Resolved Python Environment C:\Python314\python.exe
2026-07-29 14:55:05.993 [error] [pet] [2m3543.483467200s[0m [31mERROR[0m [2mpet_python_utils::env[0m[2m:[0m Python Execution for "C:\\Python314\\python.exe" produced an output "" without a separator
[2m3543.483497500s[0m [31mERROR[0m [2mpet::jsonrpc[0m[2m:[0m Failed to resolve env "c:\\Python314\\python.exe", returning discovered env PythonEnvironment { display_name: Some("Python 3.14 (64-bit)"), name: None, executable: Some("C:\\Python314\\python.exe"), kind: Some(WindowsRegistry), version: Some("3.14.5"), prefix: Some("C:\\Python314"), manager: None, project: None, arch: Some(X64), symlinks: Some(["C:\\Python314\\python.exe"]), error: None }

2026-07-29 14:55:05.993 [info] Resolved Python Environment C:\Python314\python.exe
2026-07-29 14:55:06.051 [error] [pet] [2m3543.541273700s[0m [31mERROR[0m [2mpet_python_utils::env[0m[2m:[0m Python Execution for "C:\\Python314\\python.exe" produced an output "" without a separator
[2m3543.541306400s[0m [31mERROR[0m [2mpet::jsonrpc[0m[2m:[0m Failed to resolve env "c:\\Python314\\python.exe", returning discovered env PythonEnvironment { display_name: Some("Python 3.14 (64-bit)"), name: None, executable: Some("C:\\Python314\\python.exe"), kind: Some(WindowsRegistry), version: Some("3.14.5"), prefix: Some("C:\\Python314"), manager: None, project: None, arch: Some(X64), symlinks: Some(["C:\\Python314\\python.exe"]), error: None }

2026-07-29 14:55:06.051 [info] Resolved Python Environment C:\Python314\python.exe
2026-07-29 14:55:12.674 [error] [pet] [2m3550.164149400s[0m [31mERROR[0m [2mpet_python_utils::env[0m[2m:[0m Python Execution for "C:\\Python314\\python.exe" produced an output "" without a separator
[2m3550.164177800s[0m [31mERROR[0m [2mpet::jsonrpc[0m[2m:[0m Failed to resolve env "c:\\Python314\\python.exe", returning discovered env PythonEnvironment { display_name: Some("Python 3.14 (64-bit)"), name: None, executable: Some("C:\\Python314\\python.exe"), kind: Some(WindowsRegistry), version: Some("3.14.5"), prefix: Some("C:\\Python314"), manager: None, project: None, arch: Some(X64), symlinks: Some(["C:\\Python314\\python.exe"]), error: None }

2026-07-29 14:55:12.674 [info] Resolved Python Environment C:\Python314\python.exe
2026-07-29 14:55:12.730 [error] [pet] [2m3550.220383700s[0m [31mERROR[0m [2mpet_python_utils::env[0m[2m:[0m Python Execution for "C:\\Python314\\python.exe" produced an output "" without a separator
[2m3550.220408900s[0m [31mERROR[0m [2mpet::jsonrpc[0m[2m:[0m Failed to resolve env "c:\\Python314\\python.exe", returning discovered env PythonEnvironment { display_name: Some("Python 3.14 (64-bit)"), name: None, executable: Some("C:\\Python314\\python.exe"), kind: Some(WindowsRegistry), version: Some("3.14.5"), prefix: Some("C:\\Python314"), manager: None, project: None, arch: Some(X64), symlinks: Some(["C:\\Python314\\python.exe"]), error: None }

2026-07-29 14:55:12.730 [info] Resolved Python Environment C:\Python314\python.exe
2026-07-29 14:55:12.760 [error] [pet] [2m3550.250999700s[0m [31mERROR[0m [2mpet_python_utils::env[0m[2m:[0m Python Execution for "C:\\Python314\\python.exe" produced an output "" without a separator
[2m3550.251024100s[0m [31mERROR[0m [2mpet::jsonrpc[0m[2m:[0m Failed to resolve env "c:\\Python314\\python.exe", returning discovered env PythonEnvironment { display_name: Some("Python 3.14 (64-bit)"), name: None, executable: Some("C:\\Python314\\python.exe"), kind: Some(WindowsRegistry), version: Some("3.14.5"), prefix: Some("C:\\Python314"), manager: None, project: None, arch: Some(X64), symlinks: Some(["C:\\Python314\\python.exe"]), error: None }

2026-07-29 14:55:12.761 [info] Resolved Python Environment C:\Python314\python.exe
2026-07-29 14:55:12.790 [error] [pet] [2m3550.281065300s[0m [31mERROR[0m [2mpet_python_utils::env[0m[2m:[0m Python Execution for "C:\\Python314\\python.exe" produced an output "" without a separator
[2m3550.281088800s[0m [31mERROR[0m [2mpet::jsonrpc[0m[2m:[0m Failed to resolve env "c:\\Python314\\python.exe", returning discovered env PythonEnvironment { display_name: Some("Python 3.14 (64-bit)"), name: None, executable: Some("C:\\Python314\\python.exe"), kind: Some(WindowsRegistry), version: Some("3.14.5"), prefix: Some("C:\\Python314"), manager: None, project: None, arch: Some(X64), symlinks: Some(["C:\\Python314\\python.exe"]), error: None }

2026-07-29 14:55:12.791 [info] Resolved Python Environment C:\Python314\python.exe
2026-07-29 14:55:12.822 [error] [pet] [2m3550.312199400s[0m [31mERROR[0m [2mpet_python_utils::env[0m[2m:[0m Python Execution for "C:\\Python314\\python.exe" produced an output "" without a separator
[2m3550.312224500s[0m [31mERROR[0m [2mpet::jsonrpc[0m[2m:[0m Failed to resolve env "c:\\Python314\\python.exe", returning discovered env PythonEnvironment { display_name: Some("Python 3.14 (64-bit)"), name: None, executable: Some("C:\\Python314\\python.exe"), kind: Some(WindowsRegistry), version: Some("3.14.5"), prefix: Some("C:\\Python314"), manager: None, project: None, arch: Some(X64), symlinks: Some(["C:\\Python314\\python.exe"]), error: None }

2026-07-29 14:55:12.822 [info] Resolved Python Environment C:\Python314\python.exe
2026-07-29 14:55:13.570 [error] [pet] [2m3551.060109200s[0m [31mERROR[0m [2mpet_python_utils::env[0m[2m:[0m Python Execution for "C:\\Python314\\python.exe" produced an output "" without a separator
[2m3551.060138500s[0m [31mERROR[0m [2mpet::jsonrpc[0m[2m:[0m Failed to resolve env "c:\\Python314\\python.exe", returning discovered env PythonEnvironment { display_name: Some("Python 3.14 (64-bit)"), name: None, executable: Some("C:\\Python314\\python.exe"), kind: Some(WindowsRegistry), version: Some("3.14.5"), prefix: Some("C:\\Python314"), manager: None, project: None, arch: Some(X64), symlinks: Some(["C:\\Python314\\python.exe"]), error: None }

2026-07-29 14:55:13.570 [info] Resolved Python Environment C:\Python314\python.exe
2026-07-29 14:55:13.625 [error] [pet] [2m3551.115673500s[0m [31mERROR[0m [2mpet_python_utils::env[0m[2m:[0m Python Execution for "C:\\Python314\\python.exe" produced an output "" without a separator
[2m3551.115698900s[0m [31mERROR[0m [2mpet::jsonrpc[0m[2m:[0m Failed to resolve env "c:\\Python314\\python.exe", returning discovered env PythonEnvironment { display_name: Some("Python 3.14 (64-bit)"), name: None, executable: Some("C:\\Python314\\python.exe"), kind: Some(WindowsRegistry), version: Some("3.14.5"), prefix: Some("C:\\Python314"), manager: None, project: None, arch: Some(X64), symlinks: Some(["C:\\Python314\\python.exe"]), error: None }

2026-07-29 14:55:13.626 [info] Resolved Python Environment C:\Python314\python.exe
2026-07-29 14:55:13.681 [error] [pet] [2m3551.171628700s[0m [31mERROR[0m [2mpet_python_utils::env[0m[2m:[0m Python Execution for "C:\\Python314\\python.exe" produced an output "" without a separator
[2m3551.171654600s[0m [31mERROR[0m [2mpet::jsonrpc[0m[2m:[0m Failed to resolve env "c:\\Python314\\python.exe", returning discovered env PythonEnvironment { display_name: Some("Python 3.14 (64-bit)"), name: None, executable: Some("C:\\Python314\\python.exe"), kind: Some(WindowsRegistry), version: Some("3.14.5"), prefix: Some("C:\\Python314"), manager: None, project: None, arch: Some(X64), symlinks: Some(["C:\\Python314\\python.exe"]), error: None }

2026-07-29 14:55:13.681 [info] Resolved Python Environment C:\Python314\python.exe
2026-07-29 14:55:13.736 [error] [pet] [2m3551.226806800s[0m [31mERROR[0m [2mpet_python_utils::env[0m[2m:[0m Python Execution for "C:\\Python314\\python.exe" produced an output "" without a separator
[2m3551.226833500s[0m [31mERROR[0m [2mpet::jsonrpc[0m[2m:[0m Failed to resolve env "c:\\Python314\\python.exe", returning discovered env PythonEnvironment { display_name: Some("Python 3.14 (64-bit)"), name: None, executable: Some("C:\\Python314\\python.exe"), kind: Some(WindowsRegistry), version: Some("3.14.5"), prefix: Some("C:\\Python314"), manager: None, project: None, arch: Some(X64), symlinks: Some(["C:\\Python314\\python.exe"]), error: None }

2026-07-29 14:55:13.737 [info] Resolved Python Environment C:\Python314\python.exe
2026-07-29 14:55:13.768 [error] [pet] [2m3551.258545300s[0m [31mERROR[0m [2mpet_python_utils::env[0m[2m:[0m Python Execution for "C:\\Python314\\python.exe" produced an output "" without a separator
[2m3551.258576500s[0m [31mERROR[0m [2mpet::jsonrpc[0m[2m:[0m Failed to resolve env "c:\\Python314\\python.exe", returning discovered env PythonEnvironment { display_name: Some("Python 3.14 (64-bit)"), name: None, executable: Some("C:\\Python314\\python.exe"), kind: Some(WindowsRegistry), version: Some("3.14.5"), prefix: Some("C:\\Python314"), manager: None, project: None, arch: Some(X64), symlinks: Some(["C:\\Python314\\python.exe"]), error: None }

2026-07-29 14:55:13.768 [info] Resolved Python Environment C:\Python314\python.exe
2026-07-29 14:56:03.997 [error] [pet] [2m3601.487502700s[0m [31mERROR[0m [2mpet_python_utils::env[0m[2m:[0m Python Execution for "C:\\Python314\\python.exe" produced an output "" without a separator
[2m3601.487530800s[0m [31mERROR[0m [2mpet::jsonrpc[0m[2m:[0m Failed to resolve env "c:\\Python314\\python.exe", returning discovered env PythonEnvironment { display_name: Some("Python 3.14 (64-bit)"), name: None, executable: Some("C:\\Python314\\python.exe"), kind: Some(WindowsRegistry), version: Some("3.14.5"), prefix: Some("C:\\Python314"), manager: None, project: None, arch: Some(X64), symlinks: Some(["C:\\Python314\\python.exe"]), error: None }

2026-07-29 14:56:03.997 [info] Resolved Python Environment C:\Python314\python.exe
2026-07-29 14:56:04.055 [error] [pet] [2m3601.545943800s[0m [31mERROR[0m [2mpet_python_utils::env[0m[2m:[0m Python Execution for "C:\\Python314\\python.exe" produced an output "" without a separator
[2m3601.545973900s[0m [31mERROR[0m [2mpet::jsonrpc[0m[2m:[0m Failed to resolve env "c:\\Python314\\python.exe", returning discovered env PythonEnvironment { display_name: Some("Python 3.14 (64-bit)"), name: None, executable: Some("C:\\Python314\\python.exe"), kind: Some(WindowsRegistry), version: Some("3.14.5"), prefix: Some("C:\\Python314"), manager: None, project: None, arch: Some(X64), symlinks: Some(["C:\\Python314\\python.exe"]), error: None }

2026-07-29 14:56:04.056 [info] Resolved Python Environment C:\Python314\python.exe
2026-07-29 14:56:04.113 [error] [pet] [2m3601.603916300s[0m [31mERROR[0m [2mpet_python_utils::env[0m[2m:[0m Python Execution for "C:\\Python314\\python.exe" produced an output "" without a separator
[2m3601.603941300s[0m [31mERROR[0m [2mpet::jsonrpc[0m[2m:[0m Failed to resolve env "c:\\Python314\\python.exe", returning discovered env PythonEnvironment { display_name: Some("Python 3.14 (64-bit)"), name: None, executable: Some("C:\\Python314\\python.exe"), kind: Some(WindowsRegistry), version: Some("3.14.5"), prefix: Some("C:\\Python314"), manager: None, project: None, arch: Some(X64), symlinks: Some(["C:\\Python314\\python.exe"]), error: None }

2026-07-29 14:56:04.114 [info] Resolved Python Environment C:\Python314\python.exe
2026-07-29 14:56:04.143 [error] [pet] [2m3601.634041600s[0m [31mERROR[0m [2mpet_python_utils::env[0m[2m:[0m Python Execution for "C:\\Python314\\python.exe" produced an output "" without a separator
[2m3601.634065900s[0m [31mERROR[0m [2mpet::jsonrpc[0m[2m:[0m Failed to resolve env "c:\\Python314\\python.exe", returning discovered env PythonEnvironment { display_name: Some("Python 3.14 (64-bit)"), name: None, executable: Some("C:\\Python314\\python.exe"), kind: Some(WindowsRegistry), version: Some("3.14.5"), prefix: Some("C:\\Python314"), manager: None, project: None, arch: Some(X64), symlinks: Some(["C:\\Python314\\python.exe"]), error: None }

2026-07-29 14:56:04.144 [info] Resolved Python Environment C:\Python314\python.exe
2026-07-29 14:56:04.189 [error] [pet] [2m3601.664600600s[0m [31mERROR[0m [2mpet_python_utils::env[0m[2m:[0m Python Execution for "C:\\Python314\\python.exe" produced an output "" without a separator
[2m3601.664634400s[0m [31mERROR[0m [2mpet::jsonrpc[0m[2m:[0m Failed to resolve env "c:\\Python314\\python.exe", returning discovered env PythonEnvironment { display_name: Some("Python 3.14 (64-bit)"), name: None, executable: Some("C:\\Python314\\python.exe"), kind: Some(WindowsRegistry), version: Some("3.14.5"), prefix: Some("C:\\Python314"), manager: None, project: None, arch: Some(X64), symlinks: Some(["C:\\Python314\\python.exe"]), error: None }

2026-07-29 14:56:04.189 [info] Resolved Python Environment C:\Python314\python.exe
2026-07-29 14:56:08.215 [error] [pet] [2m3605.705491000s[0m [31mERROR[0m [2mpet_python_utils::env[0m[2m:[0m Python Execution for "C:\\Python314\\python.exe" produced an output "" without a separator
[2m3605.705519000s[0m [31mERROR[0m [2mpet::jsonrpc[0m[2m:[0m Failed to resolve env "c:\\Python314\\python.exe", returning discovered env PythonEnvironment { display_name: Some("Python 3.14 (64-bit)"), name: None, executable: Some("C:\\Python314\\python.exe"), kind: Some(WindowsRegistry), version: Some("3.14.5"), prefix: Some("C:\\Python314"), manager: None, project: None, arch: Some(X64), symlinks: Some(["C:\\Python314\\python.exe"]), error: None }

2026-07-29 14:56:08.215 [info] Resolved Python Environment C:\Python314\python.exe
2026-07-29 14:56:08.246 [error] [pet] [2m3605.736193800s[0m [31mERROR[0m [2mpet_python_utils::env[0m[2m:[0m Python Execution for "C:\\Python314\\python.exe" produced an output "" without a separator
[2m3605.736239600s[0m [31mERROR[0m [2mpet::jsonrpc[0m[2m:[0m Failed to resolve env "c:\\Python314\\python.exe", returning discovered env PythonEnvironment { display_name: Some("Python 3.14 (64-bit)"), name: None, executable: Some("C:\\Python314\\python.exe"), kind: Some(WindowsRegistry), version: Some("3.14.5"), prefix: Some("C:\\Python314"), manager: None, project: None, arch: Some(X64), symlinks: Some(["C:\\Python314\\python.exe"]), error: None }

2026-07-29 14:56:08.246 [info] Resolved Python Environment C:\Python314\python.exe
2026-07-29 14:56:08.305 [error] [pet] [2m3605.795019500s[0m [31mERROR[0m [2mpet_python_utils::env[0m[2m:[0m Python Execution for "C:\\Python314\\python.exe" produced an output "" without a separator
[2m3605.795048500s[0m [31mERROR[0m [2mpet::jsonrpc[0m[2m:[0m Failed to resolve env "c:\\Python314\\python.exe", returning discovered env PythonEnvironment { display_name: Some("Python 3.14 (64-bit)"), name: None, executable: Some("C:\\Python314\\python.exe"), kind: Some(WindowsRegistry), version: Some("3.14.5"), prefix: Some("C:\\Python314"), manager: None, project: None, arch: Some(X64), symlinks: Some(["C:\\Python314\\python.exe"]), error: None }

2026-07-29 14:56:08.305 [info] Resolved Python Environment C:\Python314\python.exe
2026-07-29 14:56:08.337 [error] [pet] [2m3605.827256800s[0m [31mERROR[0m [2mpet_python_utils::env[0m[2m:[0m Python Execution for "C:\\Python314\\python.exe" produced an output "" without a separator
[2m3605.827289800s[0m [31mERROR[0m [2mpet::jsonrpc[0m[2m:[0m Failed to resolve env "c:\\Python314\\python.exe", returning discovered env PythonEnvironment { display_name: Some("Python 3.14 (64-bit)"), name: None, executable: Some("C:\\Python314\\python.exe"), kind: Some(WindowsRegistry), version: Some("3.14.5"), prefix: Some("C:\\Python314"), manager: None, project: None, arch: Some(X64), symlinks: Some(["C:\\Python314\\python.exe"]), error: None }

2026-07-29 14:56:08.337 [info] Resolved Python Environment C:\Python314\python.exe
2026-07-29 14:56:08.368 [error] [pet] [2m3605.858318600s[0m [31mERROR[0m [2mpet_python_utils::env[0m[2m:[0m Python Execution for "C:\\Python314\\python.exe" produced an output "" without a separator
[2m3605.858345300s[0m [31mERROR[0m [2mpet::jsonrpc[0m[2m:[0m Failed to resolve env "c:\\Python314\\python.exe", returning discovered env PythonEnvironment { display_name: Some("Python 3.14 (64-bit)"), name: None, executable: Some("C:\\Python314\\python.exe"), kind: Some(WindowsRegistry), version: Some("3.14.5"), prefix: Some("C:\\Python314"), manager: None, project: None, arch: Some(X64), symlinks: Some(["C:\\Python314\\python.exe"]), error: None }

2026-07-29 14:56:08.368 [info] Resolved Python Environment C:\Python314\python.exe
2026-07-29 14:56:09.953 [error] [pet] [2m3607.443786800s[0m [31mERROR[0m [2mpet_python_utils::env[0m[2m:[0m Python Execution for "C:\\Python314\\python.exe" produced an output "" without a separator
[2m3607.443822300s[0m [31mERROR[0m [2mpet::jsonrpc[0m[2m:[0m Failed to resolve env "c:\\Python314\\python.exe", returning discovered env PythonEnvironment { display_name: Some("Python 3.14 (64-bit)"), name: None, executable: Some("C:\\Python314\\python.exe"), kind: Some(WindowsRegistry), version: Some("3.14.5"), prefix: Some("C:\\Python314"), manager: None, project: None, arch: Some(X64), symlinks: Some(["C:\\Python314\\python.exe"]), error: None }

2026-07-29 14:56:09.954 [info] Resolved Python Environment C:\Python314\python.exe
2026-07-29 14:56:10.009 [error] [pet] [2m3607.499987300s[0m [31mERROR[0m [2mpet_python_utils::env[0m[2m:[0m Python Execution for "C:\\Python314\\python.exe" produced an output "" without a separator
[2m3607.500012400s[0m [31mERROR[0m [2mpet::jsonrpc[0m[2m:[0m Failed to resolve env "c:\\Python314\\python.exe", returning discovered env PythonEnvironment { display_name: Some("Python 3.14 (64-bit)"), name: None, executable: Some("C:\\Python314\\python.exe"), kind: Some(WindowsRegistry), version: Some("3.14.5"), prefix: Some("C:\\Python314"), manager: None, project: None, arch: Some(X64), symlinks: Some(["C:\\Python314\\python.exe"]), error: None }

2026-07-29 14:56:10.010 [info] Resolved Python Environment C:\Python314\python.exe
2026-07-29 14:56:10.040 [error] [pet] [2m3607.530550400s[0m [31mERROR[0m [2mpet_python_utils::env[0m[2m:[0m Python Execution for "C:\\Python314\\python.exe" produced an output "" without a separator
[2m3607.530574600s[0m [31mERROR[0m [2mpet::jsonrpc[0m[2m:[0m Failed to resolve env "c:\\Python314\\python.exe", returning discovered env PythonEnvironment { display_name: Some("Python 3.14 (64-bit)"), name: None, executable: Some("C:\\Python314\\python.exe"), kind: Some(WindowsRegistry), version: Some("3.14.5"), prefix: Some("C:\\Python314"), manager: None, project: None, arch: Some(X64), symlinks: Some(["C:\\Python314\\python.exe"]), error: None }

2026-07-29 14:56:10.040 [info] Resolved Python Environment C:\Python314\python.exe
2026-07-29 14:56:10.070 [error] [pet] [2m3607.560799800s[0m [31mERROR[0m [2mpet_python_utils::env[0m[2m:[0m Python Execution for "C:\\Python314\\python.exe" produced an output "" without a separator
[2m3607.560824800s[0m [31mERROR[0m [2mpet::jsonrpc[0m[2m:[0m Failed to resolve env "c:\\Python314\\python.exe", returning discovered env PythonEnvironment { display_name: Some("Python 3.14 (64-bit)"), name: None, executable: Some("C:\\Python314\\python.exe"), kind: Some(WindowsRegistry), version: Some("3.14.5"), prefix: Some("C:\\Python314"), manager: None, project: None, arch: Some(X64), symlinks: Some(["C:\\Python314\\python.exe"]), error: None }

2026-07-29 14:56:10.071 [info] Resolved Python Environment C:\Python314\python.exe
2026-07-29 14:56:10.102 [error] [pet] [2m3607.592760900s[0m [31mERROR[0m [2mpet_python_utils::env[0m[2m:[0m Python Execution for "C:\\Python314\\python.exe" produced an output "" without a separator
[2m3607.592787800s[0m [31mERROR[0m [2mpet::jsonrpc[0m[2m:[0m Failed to resolve env "c:\\Python314\\python.exe", returning discovered env PythonEnvironment { display_name: Some("Python 3.14 (64-bit)"), name: None, executable: Some("C:\\Python314\\python.exe"), kind: Some(WindowsRegistry), version: Some("3.14.5"), prefix: Some("C:\\Python314"), manager: None, project: None, arch: Some(X64), symlinks: Some(["C:\\Python314\\python.exe"]), error: None }

2026-07-29 14:56:10.103 [info] Resolved Python Environment C:\Python314\python.exe
2026-07-29 14:56:12.822 [error] [pet] [2m3610.312901400s[0m [31mERROR[0m [2mpet_python_utils::env[0m[2m:[0m Python Execution for "C:\\Python314\\python.exe" produced an output "" without a separator
[2m3610.312927800s[0m [31mERROR[0m [2mpet::jsonrpc[0m[2m:[0m Failed to resolve env "c:\\Python314\\python.exe", returning discovered env PythonEnvironment { display_name: Some("Python 3.14 (64-bit)"), name: None, executable: Some("C:\\Python314\\python.exe"), kind: Some(WindowsRegistry), version: Some("3.14.5"), prefix: Some("C:\\Python314"), manager: None, project: None, arch: Some(X64), symlinks: Some(["C:\\Python314\\python.exe"]), error: None }

2026-07-29 14:56:12.823 [info] Resolved Python Environment C:\Python314\python.exe
2026-07-29 14:56:12.853 [error] [pet] [2m3610.343687300s[0m [31mERROR[0m [2mpet_python_utils::env[0m[2m:[0m Python Execution for "C:\\Python314\\python.exe" produced an output "" without a separator
[2m3610.343719000s[0m [31mERROR[0m [2mpet::jsonrpc[0m[2m:[0m Failed to resolve env "c:\\Python314\\python.exe", returning discovered env PythonEnvironment { display_name: Some("Python 3.14 (64-bit)"), name: None, executable: Some("C:\\Python314\\python.exe"), kind: Some(WindowsRegistry), version: Some("3.14.5"), prefix: Some("C:\\Python314"), manager: None, project: None, arch: Some(X64), symlinks: Some(["C:\\Python314\\python.exe"]), error: None }

2026-07-29 14:56:12.854 [info] Resolved Python Environment C:\Python314\python.exe
2026-07-29 14:56:12.910 [error] [pet] [2m3610.400549000s[0m [31mERROR[0m [2mpet_python_utils::env[0m[2m:[0m Python Execution for "C:\\Python314\\python.exe" produced an output "" without a separator
[2m3610.400577700s[0m [31mERROR[0m [2mpet::jsonrpc[0m[2m:[0m Failed to resolve env "c:\\Python314\\python.exe", returning discovered env PythonEnvironment { display_name: Some("Python 3.14 (64-bit)"), name: None, executable: Some("C:\\Python314\\python.exe"), kind: Some(WindowsRegistry), version: Some("3.14.5"), prefix: Some("C:\\Python314"), manager: None, project: None, arch: Some(X64), symlinks: Some(["C:\\Python314\\python.exe"]), error: None }

2026-07-29 14:56:12.911 [info] Resolved Python Environment C:\Python314\python.exe
2026-07-29 14:56:12.966 [error] [pet] [2m3610.456223800s[0m [31mERROR[0m [2mpet_python_utils::env[0m[2m:[0m Python Execution for "C:\\Python314\\python.exe" produced an output "" without a separator
[2m3610.456249300s[0m [31mERROR[0m [2mpet::jsonrpc[0m[2m:[0m Failed to resolve env "c:\\Python314\\python.exe", returning discovered env PythonEnvironment { display_name: Some("Python 3.14 (64-bit)"), name: None, executable: Some("C:\\Python314\\python.exe"), kind: Some(WindowsRegistry), version: Some("3.14.5"), prefix: Some("C:\\Python314"), manager: None, project: None, arch: Some(X64), symlinks: Some(["C:\\Python314\\python.exe"]), error: None }

2026-07-29 14:56:12.966 [info] Resolved Python Environment C:\Python314\python.exe
2026-07-29 14:56:13.024 [error] [pet] [2m3610.514142100s[0m [31mERROR[0m [2mpet_python_utils::env[0m[2m:[0m Python Execution for "C:\\Python314\\python.exe" produced an output "" without a separator
[2m3610.514171500s[0m [31mERROR[0m [2mpet::jsonrpc[0m[2m:[0m Failed to resolve env "c:\\Python314\\python.exe", returning discovered env PythonEnvironment { display_name: Some("Python 3.14 (64-bit)"), name: None, executable: Some("C:\\Python314\\python.exe"), kind: Some(WindowsRegistry), version: Some("3.14.5"), prefix: Some("C:\\Python314"), manager: None, project: None, arch: Some(X64), symlinks: Some(["C:\\Python314\\python.exe"]), error: None }

2026-07-29 14:56:13.024 [info] Resolved Python Environment C:\Python314\python.exe
2026-07-29 14:56:14.027 [error] [pet] [2m3611.518016200s[0m [31mERROR[0m [2mpet_python_utils::env[0m[2m:[0m Python Execution for "C:\\Python314\\python.exe" produced an output "" without a separator
[2m3611.518044200s[0m [31mERROR[0m [2mpet::jsonrpc[0m[2m:[0m Failed to resolve env "c:\\Python314\\python.exe", returning discovered env PythonEnvironment { display_name: Some("Python 3.14 (64-bit)"), name: None, executable: Some("C:\\Python314\\python.exe"), kind: Some(WindowsRegistry), version: Some("3.14.5"), prefix: Some("C:\\Python314"), manager: None, project: None, arch: Some(X64), symlinks: Some(["C:\\Python314\\python.exe"]), error: None }

2026-07-29 14:56:14.028 [info] Resolved Python Environment C:\Python314\python.exe
2026-07-29 14:56:14.084 [error] [pet] [2m3611.574609000s[0m [31mERROR[0m [2mpet_python_utils::env[0m[2m:[0m Python Execution for "C:\\Python314\\python.exe" produced an output "" without a separator
[2m3611.574631800s[0m [31mERROR[0m [2mpet::jsonrpc[0m[2m:[0m Failed to resolve env "c:\\Python314\\python.exe", returning discovered env PythonEnvironment { display_name: Some("Python 3.14 (64-bit)"), name: None, executable: Some("C:\\Python314\\python.exe"), kind: Some(WindowsRegistry), version: Some("3.14.5"), prefix: Some("C:\\Python314"), manager: None, project: None, arch: Some(X64), symlinks: Some(["C:\\Python314\\python.exe"]), error: None }

2026-07-29 14:56:14.084 [info] Resolved Python Environment C:\Python314\python.exe
2026-07-29 14:56:14.140 [error] [pet] [2m3611.630428000s[0m [31mERROR[0m [2mpet_python_utils::env[0m[2m:[0m Python Execution for "C:\\Python314\\python.exe" produced an output "" without a separator
[2m3611.630464500s[0m [31mERROR[0m [2mpet::jsonrpc[0m[2m:[0m Failed to resolve env "c:\\Python314\\python.exe", returning discovered env PythonEnvironment { display_name: Some("Python 3.14 (64-bit)"), name: None, executable: Some("C:\\Python314\\python.exe"), kind: Some(WindowsRegistry), version: Some("3.14.5"), prefix: Some("C:\\Python314"), manager: None, project: None, arch: Some(X64), symlinks: Some(["C:\\Python314\\python.exe"]), error: None }

2026-07-29 14:56:14.140 [info] Resolved Python Environment C:\Python314\python.exe
2026-07-29 14:56:14.197 [error] [pet] [2m3611.687380500s[0m [31mERROR[0m [2mpet_python_utils::env[0m[2m:[0m Python Execution for "C:\\Python314\\python.exe" produced an output "" without a separator
[2m3611.687405600s[0m [31mERROR[0m [2mpet::jsonrpc[0m[2m:[0m Failed to resolve env "c:\\Python314\\python.exe", returning discovered env PythonEnvironment { display_name: Some("Python 3.14 (64-bit)"), name: None, executable: Some("C:\\Python314\\python.exe"), kind: Some(WindowsRegistry), version: Some("3.14.5"), prefix: Some("C:\\Python314"), manager: None, project: None, arch: Some(X64), symlinks: Some(["C:\\Python314\\python.exe"]), error: None }

2026-07-29 14:56:14.197 [info] Resolved Python Environment C:\Python314\python.exe
2026-07-29 14:56:14.255 [error] [pet] [2m3611.745704600s[0m [31mERROR[0m [2mpet_python_utils::env[0m[2m:[0m Python Execution for "C:\\Python314\\python.exe" produced an output "" without a separator
[2m3611.745728300s[0m [31mERROR[0m [2mpet::jsonrpc[0m[2m:[0m Failed to resolve env "c:\\Python314\\python.exe", returning discovered env PythonEnvironment { display_name: Some("Python 3.14 (64-bit)"), name: None, executable: Some("C:\\Python314\\python.exe"), kind: Some(WindowsRegistry), version: Some("3.14.5"), prefix: Some("C:\\Python314"), manager: None, project: None, arch: Some(X64), symlinks: Some(["C:\\Python314\\python.exe"]), error: None }

2026-07-29 14:56:14.256 [info] Resolved Python Environment C:\Python314\python.exe
2026-07-29 14:56:21.115 [error] [pet] [2m3618.605861400s[0m [31mERROR[0m [2mpet_python_utils::env[0m[2m:[0m Python Execution for "C:\\Python314\\python.exe" produced an output "" without a separator
[2m3618.605888900s[0m [31mERROR[0m [2mpet::jsonrpc[0m[2m:[0m Failed to resolve env "c:\\Python314\\python.exe", returning discovered env PythonEnvironment { display_name: Some("Python 3.14 (64-bit)"), name: None, executable: Some("C:\\Python314\\python.exe"), kind: Some(WindowsRegistry), version: Some("3.14.5"), prefix: Some("C:\\Python314"), manager: None, project: None, arch: Some(X64), symlinks: Some(["C:\\Python314\\python.exe"]), error: None }

2026-07-29 14:56:21.116 [info] Resolved Python Environment C:\Python314\python.exe
2026-07-29 14:56:21.172 [error] [pet] [2m3618.662737000s[0m [31mERROR[0m [2mpet_python_utils::env[0m[2m:[0m Python Execution for "C:\\Python314\\python.exe" produced an output "" without a separator
[2m3618.662773800s[0m [31mERROR[0m [2mpet::jsonrpc[0m[2m:[0m Failed to resolve env "c:\\Python314\\python.exe", returning discovered env PythonEnvironment { display_name: Some("Python 3.14 (64-bit)"), name: None, executable: Some("C:\\Python314\\python.exe"), kind: Some(WindowsRegistry), version: Some("3.14.5"), prefix: Some("C:\\Python314"), manager: None, project: None, arch: Some(X64), symlinks: Some(["C:\\Python314\\python.exe"]), error: None }

2026-07-29 14:56:21.173 [info] Resolved Python Environment C:\Python314\python.exe
2026-07-29 14:56:21.232 [error] [pet] [2m3618.722735000s[0m [31mERROR[0m [2mpet_python_utils::env[0m[2m:[0m Python Execution for "C:\\Python314\\python.exe" produced an output "" without a separator
[2m3618.722759400s[0m [31mERROR[0m [2mpet::jsonrpc[0m[2m:[0m Failed to resolve env "c:\\Python314\\python.exe", returning discovered env PythonEnvironment { display_name: Some("Python 3.14 (64-bit)"), name: None, executable: Some("C:\\Python314\\python.exe"), kind: Some(WindowsRegistry), version: Some("3.14.5"), prefix: Some("C:\\Python314"), manager: None, project: None, arch: Some(X64), symlinks: Some(["C:\\Python314\\python.exe"]), error: None }

2026-07-29 14:56:21.233 [info] Resolved Python Environment C:\Python314\python.exe
2026-07-29 14:56:21.265 [error] [pet] [2m3618.755433100s[0m [31mERROR[0m [2mpet_python_utils::env[0m[2m:[0m Python Execution for "C:\\Python314\\python.exe" produced an output "" without a separator
[2m3618.755458600s[0m [31mERROR[0m [2mpet::jsonrpc[0m[2m:[0m Failed to resolve env "c:\\Python314\\python.exe", returning discovered env PythonEnvironment { display_name: Some("Python 3.14 (64-bit)"), name: None, executable: Some("C:\\Python314\\python.exe"), kind: Some(WindowsRegistry), version: Some("3.14.5"), prefix: Some("C:\\Python314"), manager: None, project: None, arch: Some(X64), symlinks: Some(["C:\\Python314\\python.exe"]), error: None }

2026-07-29 14:56:21.265 [info] Resolved Python Environment C:\Python314\python.exe
2026-07-29 14:56:21.321 [error] [pet] [2m3618.811188500s[0m [31mERROR[0m [2mpet_python_utils::env[0m[2m:[0m Python Execution for "C:\\Python314\\python.exe" produced an output "" without a separator
[2m3618.811222100s[0m [31mERROR[0m [2mpet::jsonrpc[0m[2m:[0m Failed to resolve env "c:\\Python314\\python.exe", returning discovered env PythonEnvironment { display_name: Some("Python 3.14 (64-bit)"), name: None, executable: Some("C:\\Python314\\python.exe"), kind: Some(WindowsRegistry), version: Some("3.14.5"), prefix: Some("C:\\Python314"), manager: None, project: None, arch: Some(X64), symlinks: Some(["C:\\Python314\\python.exe"]), error: None }

2026-07-29 14:56:21.321 [info] Resolved Python Environment C:\Python314\python.exe
2026-07-29 14:56:27.615 [error] [pet] [2m3625.105771800s[0m [31mERROR[0m [2mpet_python_utils::env[0m[2m:[0m Python Execution for "C:\\Python314\\python.exe" produced an output "" without a separator
[2m3625.105825300s[0m [31mERROR[0m [2mpet::jsonrpc[0m[2m:[0m Failed to resolve env "c:\\Python314\\python.exe", returning discovered env PythonEnvironment { display_name: Some("Python 3.14 (64-bit)"), name: None, executable: Some("C:\\Python314\\python.exe"), kind: Some(WindowsRegistry), version: Some("3.14.5"), prefix: Some("C:\\Python314"), manager: None, project: None, arch: Some(X64), symlinks: Some(["C:\\Python314\\python.exe"]), error: None }

2026-07-29 14:56:27.616 [info] Resolved Python Environment C:\Python314\python.exe
2026-07-29 14:56:27.672 [error] [pet] [2m3625.162786700s[0m [31mERROR[0m [2mpet_python_utils::env[0m[2m:[0m Python Execution for "C:\\Python314\\python.exe" produced an output "" without a separator
[2m3625.162812400s[0m [31mERROR[0m [2mpet::jsonrpc[0m[2m:[0m Failed to resolve env "c:\\Python314\\python.exe", returning discovered env PythonEnvironment { display_name: Some("Python 3.14 (64-bit)"), name: None, executable: Some("C:\\Python314\\python.exe"), kind: Some(WindowsRegistry), version: Some("3.14.5"), prefix: Some("C:\\Python314"), manager: None, project: None, arch: Some(X64), symlinks: Some(["C:\\Python314\\python.exe"]), error: None }

2026-07-29 14:56:27.673 [info] Resolved Python Environment C:\Python314\python.exe
2026-07-29 14:56:27.728 [error] [pet] [2m3625.218409900s[0m [31mERROR[0m [2mpet_python_utils::env[0m[2m:[0m Python Execution for "C:\\Python314\\python.exe" produced an output "" without a separator
[2m3625.218435600s[0m [31mERROR[0m [2mpet::jsonrpc[0m[2m:[0m Failed to resolve env "c:\\Python314\\python.exe", returning discovered env PythonEnvironment { display_name: Some("Python 3.14 (64-bit)"), name: None, executable: Some("C:\\Python314\\python.exe"), kind: Some(WindowsRegistry), version: Some("3.14.5"), prefix: Some("C:\\Python314"), manager: None, project: None, arch: Some(X64), symlinks: Some(["C:\\Python314\\python.exe"]), error: None }

2026-07-29 14:56:27.728 [info] Resolved Python Environment C:\Python314\python.exe
2026-07-29 14:56:27.758 [error] [pet] [2m3625.248890700s[0m [31mERROR[0m [2mpet_python_utils::env[0m[2m:[0m Python Execution for "C:\\Python314\\python.exe" produced an output "" without a separator
[2m3625.248916000s[0m [31mERROR[0m [2mpet::jsonrpc[0m[2m:[0m Failed to resolve env "c:\\Python314\\python.exe", returning discovered env PythonEnvironment { display_name: Some("Python 3.14 (64-bit)"), name: None, executable: Some("C:\\Python314\\python.exe"), kind: Some(WindowsRegistry), version: Some("3.14.5"), prefix: Some("C:\\Python314"), manager: None, project: None, arch: Some(X64), symlinks: Some(["C:\\Python314\\python.exe"]), error: None }

2026-07-29 14:56:27.759 [info] Resolved Python Environment C:\Python314\python.exe
2026-07-29 14:56:27.790 [error] [pet] [2m3625.280231800s[0m [31mERROR[0m [2mpet_python_utils::env[0m[2m:[0m Python Execution for "C:\\Python314\\python.exe" produced an output "" without a separator
[2m3625.280260500s[0m [31mERROR[0m [2mpet::jsonrpc[0m[2m:[0m Failed to resolve env "c:\\Python314\\python.exe", returning discovered env PythonEnvironment { display_name: Some("Python 3.14 (64-bit)"), name: None, executable: Some("C:\\Python314\\python.exe"), kind: Some(WindowsRegistry), version: Some("3.14.5"), prefix: Some("C:\\Python314"), manager: None, project: None, arch: Some(X64), symlinks: Some(["C:\\Python314\\python.exe"]), error: None }

2026-07-29 14:56:27.790 [info] Resolved Python Environment C:\Python314\python.exe
2026-07-29 14:56:34.770 [error] [pet] [2m3632.260501200s[0m [31mERROR[0m [2mpet_python_utils::env[0m[2m:[0m Python Execution for "C:\\Python314\\python.exe" produced an output "" without a separator
[2m3632.260556200s[0m [31mERROR[0m [2mpet::jsonrpc[0m[2m:[0m Failed to resolve env "c:\\Python314\\python.exe", returning discovered env PythonEnvironment { display_name: Some("Python 3.14 (64-bit)"), name: None, executable: Some("C:\\Python314\\python.exe"), kind: Some(WindowsRegistry), version: Some("3.14.5"), prefix: Some("C:\\Python314"), manager: None, project: None, arch: Some(X64), symlinks: Some(["C:\\Python314\\python.exe"]), error: None }

2026-07-29 14:56:34.770 [info] Resolved Python Environment C:\Python314\python.exe
2026-07-29 14:56:34.801 [error] [pet] [2m3632.291397300s[0m [31mERROR[0m [2mpet_python_utils::env[0m[2m:[0m Python Execution for "C:\\Python314\\python.exe" produced an output "" without a separator
[2m3632.291421500s[0m [31mERROR[0m [2mpet::jsonrpc[0m[2m:[0m Failed to resolve env "c:\\Python314\\python.exe", returning discovered env PythonEnvironment { display_name: Some("Python 3.14 (64-bit)"), name: None, executable: Some("C:\\Python314\\python.exe"), kind: Some(WindowsRegistry), version: Some("3.14.5"), prefix: Some("C:\\Python314"), manager: None, project: None, arch: Some(X64), symlinks: Some(["C:\\Python314\\python.exe"]), error: None }

2026-07-29 14:56:34.801 [info] Resolved Python Environment C:\Python314\python.exe
2026-07-29 14:56:34.831 [error] [pet] [2m3632.321626800s[0m [31mERROR[0m [2mpet_python_utils::env[0m[2m:[0m Python Execution for "C:\\Python314\\python.exe" produced an output "" without a separator
[2m3632.321651400s[0m [31mERROR[0m [2mpet::jsonrpc[0m[2m:[0m Failed to resolve env "c:\\Python314\\python.exe", returning discovered env PythonEnvironment { display_name: Some("Python 3.14 (64-bit)"), name: None, executable: Some("C:\\Python314\\python.exe"), kind: Some(WindowsRegistry), version: Some("3.14.5"), prefix: Some("C:\\Python314"), manager: None, project: None, arch: Some(X64), symlinks: Some(["C:\\Python314\\python.exe"]), error: None }

2026-07-29 14:56:34.831 [info] Resolved Python Environment C:\Python314\python.exe
2026-07-29 14:56:34.861 [error] [pet] [2m3632.352027900s[0m [31mERROR[0m [2mpet_python_utils::env[0m[2m:[0m Python Execution for "C:\\Python314\\python.exe" produced an output "" without a separator
[2m3632.352053600s[0m [31mERROR[0m [2mpet::jsonrpc[0m[2m:[0m Failed to resolve env "c:\\Python314\\python.exe", returning discovered env PythonEnvironment { display_name: Some("Python 3.14 (64-bit)"), name: None, executable: Some("C:\\Python314\\python.exe"), kind: Some(WindowsRegistry), version: Some("3.14.5"), prefix: Some("C:\\Python314"), manager: None, project: None, arch: Some(X64), symlinks: Some(["C:\\Python314\\python.exe"]), error: None }

2026-07-29 14:56:34.862 [info] Resolved Python Environment C:\Python314\python.exe
2026-07-29 14:56:34.892 [error] [pet] [2m3632.382856100s[0m [31mERROR[0m [2mpet_python_utils::env[0m[2m:[0m Python Execution for "C:\\Python314\\python.exe" produced an output "" without a separator
[2m3632.382879800s[0m [31mERROR[0m [2mpet::jsonrpc[0m[2m:[0m Failed to resolve env "c:\\Python314\\python.exe", returning discovered env PythonEnvironment { display_name: Some("Python 3.14 (64-bit)"), name: None, executable: Some("C:\\Python314\\python.exe"), kind: Some(WindowsRegistry), version: Some("3.14.5"), prefix: Some("C:\\Python314"), manager: None, project: None, arch: Some(X64), symlinks: Some(["C:\\Python314\\python.exe"]), error: None }

2026-07-29 14:56:34.893 [info] Resolved Python Environment C:\Python314\python.exe
2026-07-29 14:57:03.405 [error] [pet] [2m3660.895856800s[0m [31mERROR[0m [2mpet_python_utils::env[0m[2m:[0m Python Execution for "C:\\Python314\\python.exe" produced an output "" without a separator
[2m3660.895882800s[0m [31mERROR[0m [2mpet::jsonrpc[0m[2m:[0m Failed to resolve env "c:\\Python314\\python.exe", returning discovered env PythonEnvironment { display_name: Some("Python 3.14 (64-bit)"), name: None, executable: Some("C:\\Python314\\python.exe"), kind: Some(WindowsRegistry), version: Some("3.14.5"), prefix: Some("C:\\Python314"), manager: None, project: None, arch: Some(X64), symlinks: Some(["C:\\Python314\\python.exe"]), error: None }

2026-07-29 14:57:03.406 [info] Resolved Python Environment C:\Python314\python.exe
2026-07-29 14:57:03.462 [error] [pet] [2m3660.952992400s[0m [31mERROR[0m [2mpet_python_utils::env[0m[2m:[0m Python Execution for "C:\\Python314\\python.exe" produced an output "" without a separator
[2m3660.953018600s[0m [31mERROR[0m [2mpet::jsonrpc[0m[2m:[0m Failed to resolve env "c:\\Python314\\python.exe", returning discovered env PythonEnvironment { display_name: Some("Python 3.14 (64-bit)"), name: None, executable: Some("C:\\Python314\\python.exe"), kind: Some(WindowsRegistry), version: Some("3.14.5"), prefix: Some("C:\\Python314"), manager: None, project: None, arch: Some(X64), symlinks: Some(["C:\\Python314\\python.exe"]), error: None }

2026-07-29 14:57:03.463 [info] Resolved Python Environment C:\Python314\python.exe
2026-07-29 14:57:03.519 [error] [pet] [2m3661.009466000s[0m [31mERROR[0m [2mpet_python_utils::env[0m[2m:[0m Python Execution for "C:\\Python314\\python.exe" produced an output "" without a separator
[2m3661.009489200s[0m [31mERROR[0m [2mpet::jsonrpc[0m[2m:[0m Failed to resolve env "c:\\Python314\\python.exe", returning discovered env PythonEnvironment { display_name: Some("Python 3.14 (64-bit)"), name: None, executable: Some("C:\\Python314\\python.exe"), kind: Some(WindowsRegistry), version: Some("3.14.5"), prefix: Some("C:\\Python314"), manager: None, project: None, arch: Some(X64), symlinks: Some(["C:\\Python314\\python.exe"]), error: None }

2026-07-29 14:57:03.519 [info] Resolved Python Environment C:\Python314\python.exe
2026-07-29 14:57:03.576 [error] [pet] [2m3661.066107900s[0m [31mERROR[0m [2mpet_python_utils::env[0m[2m:[0m Python Execution for "C:\\Python314\\python.exe" produced an output "" without a separator
[2m3661.066136600s[0m [31mERROR[0m [2mpet::jsonrpc[0m[2m:[0m Failed to resolve env "c:\\Python314\\python.exe", returning discovered env PythonEnvironment { display_name: Some("Python 3.14 (64-bit)"), name: None, executable: Some("C:\\Python314\\python.exe"), kind: Some(WindowsRegistry), version: Some("3.14.5"), prefix: Some("C:\\Python314"), manager: None, project: None, arch: Some(X64), symlinks: Some(["C:\\Python314\\python.exe"]), error: None }

2026-07-29 14:57:03.576 [info] Resolved Python Environment C:\Python314\python.exe
2026-07-29 14:57:03.607 [error] [pet] [2m3661.097514400s[0m [31mERROR[0m [2mpet_python_utils::env[0m[2m:[0m Python Execution for "C:\\Python314\\python.exe" produced an output "" without a separator
[2m3661.097545000s[0m [31mERROR[0m [2mpet::jsonrpc[0m[2m:[0m Failed to resolve env "c:\\Python314\\python.exe", returning discovered env PythonEnvironment { display_name: Some("Python 3.14 (64-bit)"), name: None, executable: Some("C:\\Python314\\python.exe"), kind: Some(WindowsRegistry), version: Some("3.14.5"), prefix: Some("C:\\Python314"), manager: None, project: None, arch: Some(X64), symlinks: Some(["C:\\Python314\\python.exe"]), error: None }

2026-07-29 14:57:03.607 [info] Resolved Python Environment C:\Python314\python.exe
2026-07-29 14:57:11.820 [error] [pet] [2m3669.310429800s[0m [31mERROR[0m [2mpet_python_utils::env[0m[2m:[0m Python Execution for "C:\\Python314\\python.exe" produced an output "" without a separator
[2m3669.310459700s[0m [31mERROR[0m [2mpet::jsonrpc[0m[2m:[0m Failed to resolve env "c:\\Python314\\python.exe", returning discovered env PythonEnvironment { display_name: Some("Python 3.14 (64-bit)"), name: None, executable: Some("C:\\Python314\\python.exe"), kind: Some(WindowsRegistry), version: Some("3.14.5"), prefix: Some("C:\\Python314"), manager: None, project: None, arch: Some(X64), symlinks: Some(["C:\\Python314\\python.exe"]), error: None }

2026-07-29 14:57:11.820 [info] Resolved Python Environment C:\Python314\python.exe
2026-07-29 14:57:11.850 [error] [pet] [2m3669.340521300s[0m [31mERROR[0m [2mpet_python_utils::env[0m[2m:[0m Python Execution for "C:\\Python314\\python.exe" produced an output "" without a separator
[2m3669.340544700s[0m [31mERROR[0m [2mpet::jsonrpc[0m[2m:[0m Failed to resolve env "c:\\Python314\\python.exe", returning discovered env PythonEnvironment { display_name: Some("Python 3.14 (64-bit)"), name: None, executable: Some("C:\\Python314\\python.exe"), kind: Some(WindowsRegistry), version: Some("3.14.5"), prefix: Some("C:\\Python314"), manager: None, project: None, arch: Some(X64), symlinks: Some(["C:\\Python314\\python.exe"]), error: None }

2026-07-29 14:57:11.850 [info] Resolved Python Environment C:\Python314\python.exe
2026-07-29 14:57:11.882 [error] [pet] [2m3669.372421600s[0m [31mERROR[0m [2mpet_python_utils::env[0m[2m:[0m Python Execution for "C:\\Python314\\python.exe" produced an output "" without a separator
[2m3669.372446200s[0m [31mERROR[0m [2mpet::jsonrpc[0m[2m:[0m Failed to resolve env "c:\\Python314\\python.exe", returning discovered env PythonEnvironment { display_name: Some("Python 3.14 (64-bit)"), name: None, executable: Some("C:\\Python314\\python.exe"), kind: Some(WindowsRegistry), version: Some("3.14.5"), prefix: Some("C:\\Python314"), manager: None, project: None, arch: Some(X64), symlinks: Some(["C:\\Python314\\python.exe"]), error: None }

2026-07-29 14:57:11.882 [info] Resolved Python Environment C:\Python314\python.exe
2026-07-29 14:57:11.912 [error] [pet] [2m3669.402755100s[0m [31mERROR[0m [2mpet_python_utils::env[0m[2m:[0m Python Execution for "C:\\Python314\\python.exe" produced an output "" without a separator
[2m3669.402779000s[0m [31mERROR[0m [2mpet::jsonrpc[0m[2m:[0m Failed to resolve env "c:\\Python314\\python.exe", returning discovered env PythonEnvironment { display_name: Some("Python 3.14 (64-bit)"), name: None, executable: Some("C:\\Python314\\python.exe"), kind: Some(WindowsRegistry), version: Some("3.14.5"), prefix: Some("C:\\Python314"), manager: None, project: None, arch: Some(X64), symlinks: Some(["C:\\Python314\\python.exe"]), error: None }

2026-07-29 14:57:11.912 [info] Resolved Python Environment C:\Python314\python.exe
2026-07-29 14:57:11.968 [error] [pet] [2m3669.458454800s[0m [31mERROR[0m [2mpet_python_utils::env[0m[2m:[0m Python Execution for "C:\\Python314\\python.exe" produced an output "" without a separator
[2m3669.458480600s[0m [31mERROR[0m [2mpet::jsonrpc[0m[2m:[0m Failed to resolve env "c:\\Python314\\python.exe", returning discovered env PythonEnvironment { display_name: Some("Python 3.14 (64-bit)"), name: None, executable: Some("C:\\Python314\\python.exe"), kind: Some(WindowsRegistry), version: Some("3.14.5"), prefix: Some("C:\\Python314"), manager: None, project: None, arch: Some(X64), symlinks: Some(["C:\\Python314\\python.exe"]), error: None }

2026-07-29 14:57:11.968 [info] Resolved Python Environment C:\Python314\python.exe
2026-07-29 14:57:12.817 [error] [pet] [2m3670.307399600s[0m [31mERROR[0m [2mpet_python_utils::env[0m[2m:[0m Python Execution for "C:\\Python314\\python.exe" produced an output "" without a separator
[2m3670.307425000s[0m [31mERROR[0m [2mpet::jsonrpc[0m[2m:[0m Failed to resolve env "c:\\Python314\\python.exe", returning discovered env PythonEnvironment { display_name: Some("Python 3.14 (64-bit)"), name: None, executable: Some("C:\\Python314\\python.exe"), kind: Some(WindowsRegistry), version: Some("3.14.5"), prefix: Some("C:\\Python314"), manager: None, project: None, arch: Some(X64), symlinks: Some(["C:\\Python314\\python.exe"]), error: None }

2026-07-29 14:57:12.817 [info] Resolved Python Environment C:\Python314\python.exe
2026-07-29 14:57:12.875 [error] [pet] [2m3670.365467200s[0m [31mERROR[0m [2mpet_python_utils::env[0m[2m:[0m Python Execution for "C:\\Python314\\python.exe" produced an output "" without a separator
[2m3670.365495300s[0m [31mERROR[0m [2mpet::jsonrpc[0m[2m:[0m Failed to resolve env "c:\\Python314\\python.exe", returning discovered env PythonEnvironment { display_name: Some("Python 3.14 (64-bit)"), name: None, executable: Some("C:\\Python314\\python.exe"), kind: Some(WindowsRegistry), version: Some("3.14.5"), prefix: Some("C:\\Python314"), manager: None, project: None, arch: Some(X64), symlinks: Some(["C:\\Python314\\python.exe"]), error: None }

2026-07-29 14:57:12.875 [info] Resolved Python Environment C:\Python314\python.exe
2026-07-29 14:57:12.906 [error] [pet] [2m3670.396197200s[0m [31mERROR[0m [2mpet_python_utils::env[0m[2m:[0m Python Execution for "C:\\Python314\\python.exe" produced an output "" without a separator
[2m3670.396219900s[0m [31mERROR[0m [2mpet::jsonrpc[0m[2m:[0m Failed to resolve env "c:\\Python314\\python.exe", returning discovered env PythonEnvironment { display_name: Some("Python 3.14 (64-bit)"), name: None, executable: Some("C:\\Python314\\python.exe"), kind: Some(WindowsRegistry), version: Some("3.14.5"), prefix: Some("C:\\Python314"), manager: None, project: None, arch: Some(X64), symlinks: Some(["C:\\Python314\\python.exe"]), error: None }

2026-07-29 14:57:12.906 [info] Resolved Python Environment C:\Python314\python.exe
2026-07-29 14:57:12.937 [error] [pet] [2m3670.427289600s[0m [31mERROR[0m [2mpet_python_utils::env[0m[2m:[0m Python Execution for "C:\\Python314\\python.exe" produced an output "" without a separator
[2m3670.427315800s[0m [31mERROR[0m [2mpet::jsonrpc[0m[2m:[0m Failed to resolve env "c:\\Python314\\python.exe", returning discovered env PythonEnvironment { display_name: Some("Python 3.14 (64-bit)"), name: None, executable: Some("C:\\Python314\\python.exe"), kind: Some(WindowsRegistry), version: Some("3.14.5"), prefix: Some("C:\\Python314"), manager: None, project: None, arch: Some(X64), symlinks: Some(["C:\\Python314\\python.exe"]), error: None }

2026-07-29 14:57:12.937 [info] Resolved Python Environment C:\Python314\python.exe
2026-07-29 14:57:12.992 [error] [pet] [2m3670.482847800s[0m [31mERROR[0m [2mpet_python_utils::env[0m[2m:[0m Python Execution for "C:\\Python314\\python.exe" produced an output "" without a separator
[2m3670.482874000s[0m [31mERROR[0m [2mpet::jsonrpc[0m[2m:[0m Failed to resolve env "c:\\Python314\\python.exe", returning discovered env PythonEnvironment { display_name: Some("Python 3.14 (64-bit)"), name: None, executable: Some("C:\\Python314\\python.exe"), kind: Some(WindowsRegistry), version: Some("3.14.5"), prefix: Some("C:\\Python314"), manager: None, project: None, arch: Some(X64), symlinks: Some(["C:\\Python314\\python.exe"]), error: None }

2026-07-29 14:57:12.993 [info] Resolved Python Environment C:\Python314\python.exe
2026-07-29 14:57:28.451 [error] [pet] [2m3685.941272000s[0m [31mERROR[0m [2mpet_python_utils::env[0m[2m:[0m Python Execution for "C:\\Python314\\python.exe" produced an output "" without a separator
[2m3685.941296400s[0m [31mERROR[0m [2mpet::jsonrpc[0m[2m:[0m Failed to resolve env "c:\\Python314\\python.exe", returning discovered env PythonEnvironment { display_name: Some("Python 3.14 (64-bit)"), name: None, executable: Some("C:\\Python314\\python.exe"), kind: Some(WindowsRegistry), version: Some("3.14.5"), prefix: Some("C:\\Python314"), manager: None, project: None, arch: Some(X64), symlinks: Some(["C:\\Python314\\python.exe"]), error: None }

2026-07-29 14:57:28.451 [info] Resolved Python Environment C:\Python314\python.exe
2026-07-29 14:57:28.481 [error] [pet] [2m3685.971578500s[0m [31mERROR[0m [2mpet_python_utils::env[0m[2m:[0m Python Execution for "C:\\Python314\\python.exe" produced an output "" without a separator
[2m3685.971606300s[0m [31mERROR[0m [2mpet::jsonrpc[0m[2m:[0m Failed to resolve env "c:\\Python314\\python.exe", returning discovered env PythonEnvironment { display_name: Some("Python 3.14 (64-bit)"), name: None, executable: Some("C:\\Python314\\python.exe"), kind: Some(WindowsRegistry), version: Some("3.14.5"), prefix: Some("C:\\Python314"), manager: None, project: None, arch: Some(X64), symlinks: Some(["C:\\Python314\\python.exe"]), error: None }

2026-07-29 14:57:28.481 [info] Resolved Python Environment C:\Python314\python.exe
2026-07-29 14:57:28.537 [error] [pet] [2m3686.027906100s[0m [31mERROR[0m [2mpet_python_utils::env[0m[2m:[0m Python Execution for "C:\\Python314\\python.exe" produced an output "" without a separator
[2m3686.027935000s[0m [31mERROR[0m [2mpet::jsonrpc[0m[2m:[0m Failed to resolve env "c:\\Python314\\python.exe", returning discovered env PythonEnvironment { display_name: Some("Python 3.14 (64-bit)"), name: None, executable: Some("C:\\Python314\\python.exe"), kind: Some(WindowsRegistry), version: Some("3.14.5"), prefix: Some("C:\\Python314"), manager: None, project: None, arch: Some(X64), symlinks: Some(["C:\\Python314\\python.exe"]), error: None }

2026-07-29 14:57:28.538 [info] Resolved Python Environment C:\Python314\python.exe
2026-07-29 14:57:28.570 [error] [pet] [2m3686.060395200s[0m [31mERROR[0m [2mpet_python_utils::env[0m[2m:[0m Python Execution for "C:\\Python314\\python.exe" produced an output "" without a separator
[2m3686.060419800s[0m [31mERROR[0m [2mpet::jsonrpc[0m[2m:[0m Failed to resolve env "c:\\Python314\\python.exe", returning discovered env PythonEnvironment { display_name: Some("Python 3.14 (64-bit)"), name: None, executable: Some("C:\\Python314\\python.exe"), kind: Some(WindowsRegistry), version: Some("3.14.5"), prefix: Some("C:\\Python314"), manager: None, project: None, arch: Some(X64), symlinks: Some(["C:\\Python314\\python.exe"]), error: None }

2026-07-29 14:57:28.570 [info] Resolved Python Environment C:\Python314\python.exe
2026-07-29 14:57:28.626 [error] [pet] [2m3686.116217800s[0m [31mERROR[0m [2mpet_python_utils::env[0m[2m:[0m Python Execution for "C:\\Python314\\python.exe" produced an output "" without a separator
[2m3686.116245300s[0m [31mERROR[0m [2mpet::jsonrpc[0m[2m:[0m Failed to resolve env "c:\\Python314\\python.exe", returning discovered env PythonEnvironment { display_name: Some("Python 3.14 (64-bit)"), name: None, executable: Some("C:\\Python314\\python.exe"), kind: Some(WindowsRegistry), version: Some("3.14.5"), prefix: Some("C:\\Python314"), manager: None, project: None, arch: Some(X64), symlinks: Some(["C:\\Python314\\python.exe"]), error: None }

2026-07-29 14:57:28.626 [info] Resolved Python Environment C:\Python314\python.exe
2026-07-29 14:57:34.017 [error] [pet] [2m3691.507679600s[0m [31mERROR[0m [2mpet_python_utils::env[0m[2m:[0m Python Execution for "C:\\Python314\\python.exe" produced an output "" without a separator
[2m3691.507704700s[0m [31mERROR[0m [2mpet::jsonrpc[0m[2m:[0m Failed to resolve env "c:\\Python314\\python.exe", returning discovered env PythonEnvironment { display_name: Some("Python 3.14 (64-bit)"), name: None, executable: Some("C:\\Python314\\python.exe"), kind: Some(WindowsRegistry), version: Some("3.14.5"), prefix: Some("C:\\Python314"), manager: None, project: None, arch: Some(X64), symlinks: Some(["C:\\Python314\\python.exe"]), error: None }

2026-07-29 14:57:34.017 [info] Resolved Python Environment C:\Python314\python.exe
2026-07-29 14:57:34.073 [error] [pet] [2m3691.563297400s[0m [31mERROR[0m [2mpet_python_utils::env[0m[2m:[0m Python Execution for "C:\\Python314\\python.exe" produced an output "" without a separator
[2m3691.563325400s[0m [31mERROR[0m [2mpet::jsonrpc[0m[2m:[0m Failed to resolve env "c:\\Python314\\python.exe", returning discovered env PythonEnvironment { display_name: Some("Python 3.14 (64-bit)"), name: None, executable: Some("C:\\Python314\\python.exe"), kind: Some(WindowsRegistry), version: Some("3.14.5"), prefix: Some("C:\\Python314"), manager: None, project: None, arch: Some(X64), symlinks: Some(["C:\\Python314\\python.exe"]), error: None }

2026-07-29 14:57:34.073 [info] Resolved Python Environment C:\Python314\python.exe
2026-07-29 14:57:34.129 [error] [pet] [2m3691.619173600s[0m [31mERROR[0m [2mpet_python_utils::env[0m[2m:[0m Python Execution for "C:\\Python314\\python.exe" produced an output "" without a separator
[2m3691.619198800s[0m [31mERROR[0m [2mpet::jsonrpc[0m[2m:[0m Failed to resolve env "c:\\Python314\\python.exe", returning discovered env PythonEnvironment { display_name: Some("Python 3.14 (64-bit)"), name: None, executable: Some("C:\\Python314\\python.exe"), kind: Some(WindowsRegistry), version: Some("3.14.5"), prefix: Some("C:\\Python314"), manager: None, project: None, arch: Some(X64), symlinks: Some(["C:\\Python314\\python.exe"]), error: None }

2026-07-29 14:57:34.129 [info] Resolved Python Environment C:\Python314\python.exe
2026-07-29 14:57:34.160 [error] [pet] [2m3691.650566500s[0m [31mERROR[0m [2mpet_python_utils::env[0m[2m:[0m Python Execution for "C:\\Python314\\python.exe" produced an output "" without a separator
[2m3691.650599300s[0m [31mERROR[0m [2mpet::jsonrpc[0m[2m:[0m Failed to resolve env "c:\\Python314\\python.exe", returning discovered env PythonEnvironment { display_name: Some("Python 3.14 (64-bit)"), name: None, executable: Some("C:\\Python314\\python.exe"), kind: Some(WindowsRegistry), version: Some("3.14.5"), prefix: Some("C:\\Python314"), manager: None, project: None, arch: Some(X64), symlinks: Some(["C:\\Python314\\python.exe"]), error: None }

2026-07-29 14:57:34.160 [info] Resolved Python Environment C:\Python314\python.exe
2026-07-29 14:57:34.191 [error] [pet] [2m3691.681246900s[0m [31mERROR[0m [2mpet_python_utils::env[0m[2m:[0m Python Execution for "C:\\Python314\\python.exe" produced an output "" without a separator
[2m3691.681273500s[0m [31mERROR[0m [2mpet::jsonrpc[0m[2m:[0m Failed to resolve env "c:\\Python314\\python.exe", returning discovered env PythonEnvironment { display_name: Some("Python 3.14 (64-bit)"), name: None, executable: Some("C:\\Python314\\python.exe"), kind: Some(WindowsRegistry), version: Some("3.14.5"), prefix: Some("C:\\Python314"), manager: None, project: None, arch: Some(X64), symlinks: Some(["C:\\Python314\\python.exe"]), error: None }

2026-07-29 14:57:34.191 [info] Resolved Python Environment C:\Python314\python.exe
2026-07-29 15:01:25.032 [error] [pet] [2m3922.522319200s[0m [31mERROR[0m [2mpet_python_utils::env[0m[2m:[0m Python Execution for "C:\\Python314\\python.exe" produced an output "" without a separator
[2m3922.522355000s[0m [31mERROR[0m [2mpet::jsonrpc[0m[2m:[0m Failed to resolve env "c:\\Python314\\python.exe", returning discovered env PythonEnvironment { display_name: Some("Python 3.14 (64-bit)"), name: None, executable: Some("C:\\Python314\\python.exe"), kind: Some(WindowsRegistry), version: Some("3.14.5"), prefix: Some("C:\\Python314"), manager: None, project: None, arch: Some(X64), symlinks: Some(["C:\\Python314\\python.exe"]), error: None }

2026-07-29 15:01:25.032 [info] Resolved Python Environment C:\Python314\python.exe
2026-07-29 15:01:25.089 [error] [pet] [2m3922.579313400s[0m [31mERROR[0m [2mpet_python_utils::env[0m[2m:[0m Python Execution for "C:\\Python314\\python.exe" produced an output "" without a separator
[2m3922.579338200s[0m [31mERROR[0m [2mpet::jsonrpc[0m[2m:[0m Failed to resolve env "c:\\Python314\\python.exe", returning discovered env PythonEnvironment { display_name: Some("Python 3.14 (64-bit)"), name: None, executable: Some("C:\\Python314\\python.exe"), kind: Some(WindowsRegistry), version: Some("3.14.5"), prefix: Some("C:\\Python314"), manager: None, project: None, arch: Some(X64), symlinks: Some(["C:\\Python314\\python.exe"]), error: None }

2026-07-29 15:01:25.089 [info] Resolved Python Environment C:\Python314\python.exe
2026-07-29 15:01:25.120 [error] [pet] [2m3922.610215900s[0m [31mERROR[0m [2mpet_python_utils::env[0m[2m:[0m Python Execution for "C:\\Python314\\python.exe" produced an output "" without a separator
[2m3922.610241200s[0m [31mERROR[0m [2mpet::jsonrpc[0m[2m:[0m Failed to resolve env "c:\\Python314\\python.exe", returning discovered env PythonEnvironment { display_name: Some("Python 3.14 (64-bit)"), name: None, executable: Some("C:\\Python314\\python.exe"), kind: Some(WindowsRegistry), version: Some("3.14.5"), prefix: Some("C:\\Python314"), manager: None, project: None, arch: Some(X64), symlinks: Some(["C:\\Python314\\python.exe"]), error: None }

2026-07-29 15:01:25.120 [info] Resolved Python Environment C:\Python314\python.exe
2026-07-29 15:01:25.151 [error] [pet] [2m3922.641409000s[0m [31mERROR[0m [2mpet_python_utils::env[0m[2m:[0m Python Execution for "C:\\Python314\\python.exe" produced an output "" without a separator
[2m3922.641432400s[0m [31mERROR[0m [2mpet::jsonrpc[0m[2m:[0m Failed to resolve env "c:\\Python314\\python.exe", returning discovered env PythonEnvironment { display_name: Some("Python 3.14 (64-bit)"), name: None, executable: Some("C:\\Python314\\python.exe"), kind: Some(WindowsRegistry), version: Some("3.14.5"), prefix: Some("C:\\Python314"), manager: None, project: None, arch: Some(X64), symlinks: Some(["C:\\Python314\\python.exe"]), error: None }

2026-07-29 15:01:25.151 [info] Resolved Python Environment C:\Python314\python.exe
2026-07-29 15:01:25.206 [error] [pet] [2m3922.696818800s[0m [31mERROR[0m [2mpet_python_utils::env[0m[2m:[0m Python Execution for "C:\\Python314\\python.exe" produced an output "" without a separator
[2m3922.696842900s[0m [31mERROR[0m [2mpet::jsonrpc[0m[2m:[0m Failed to resolve env "c:\\Python314\\python.exe", returning discovered env PythonEnvironment { display_name: Some("Python 3.14 (64-bit)"), name: None, executable: Some("C:\\Python314\\python.exe"), kind: Some(WindowsRegistry), version: Some("3.14.5"), prefix: Some("C:\\Python314"), manager: None, project: None, arch: Some(X64), symlinks: Some(["C:\\Python314\\python.exe"]), error: None }

2026-07-29 15:01:25.207 [info] Resolved Python Environment C:\Python314\python.exe
2026-07-29 15:01:26.808 [error] [pet] [2m3924.298362800s[0m [31mERROR[0m [2mpet_python_utils::env[0m[2m:[0m Python Execution for "C:\\Python314\\python.exe" produced an output "" without a separator
[2m3924.298390500s[0m [31mERROR[0m [2mpet::jsonrpc[0m[2m:[0m Failed to resolve env "c:\\Python314\\python.exe", returning discovered env PythonEnvironment { display_name: Some("Python 3.14 (64-bit)"), name: None, executable: Some("C:\\Python314\\python.exe"), kind: Some(WindowsRegistry), version: Some("3.14.5"), prefix: Some("C:\\Python314"), manager: None, project: None, arch: Some(X64), symlinks: Some(["C:\\Python314\\python.exe"]), error: None }

2026-07-29 15:01:26.808 [info] Resolved Python Environment C:\Python314\python.exe
2026-07-29 15:01:26.864 [error] [pet] [2m3924.354510300s[0m [31mERROR[0m [2mpet_python_utils::env[0m[2m:[0m Python Execution for "C:\\Python314\\python.exe" produced an output "" without a separator
[2m3924.354535800s[0m [31mERROR[0m [2mpet::jsonrpc[0m[2m:[0m Failed to resolve env "c:\\Python314\\python.exe", returning discovered env PythonEnvironment { display_name: Some("Python 3.14 (64-bit)"), name: None, executable: Some("C:\\Python314\\python.exe"), kind: Some(WindowsRegistry), version: Some("3.14.5"), prefix: Some("C:\\Python314"), manager: None, project: None, arch: Some(X64), symlinks: Some(["C:\\Python314\\python.exe"]), error: None }

2026-07-29 15:01:26.864 [info] Resolved Python Environment C:\Python314\python.exe
2026-07-29 15:01:26.895 [error] [pet] [2m3924.385710200s[0m [31mERROR[0m [2mpet_python_utils::env[0m[2m:[0m Python Execution for "C:\\Python314\\python.exe" produced an output "" without a separator
[2m3924.385743600s[0m [31mERROR[0m [2mpet::jsonrpc[0m[2m:[0m Failed to resolve env "c:\\Python314\\python.exe", returning discovered env PythonEnvironment { display_name: Some("Python 3.14 (64-bit)"), name: None, executable: Some("C:\\Python314\\python.exe"), kind: Some(WindowsRegistry), version: Some("3.14.5"), prefix: Some("C:\\Python314"), manager: None, project: None, arch: Some(X64), symlinks: Some(["C:\\Python314\\python.exe"]), error: None }

2026-07-29 15:01:26.896 [info] Resolved Python Environment C:\Python314\python.exe
2026-07-29 15:01:26.926 [error] [pet] [2m3924.416934700s[0m [31mERROR[0m [2mpet_python_utils::env[0m[2m:[0m Python Execution for "C:\\Python314\\python.exe" produced an output "" without a separator
[2m3924.416960300s[0m [31mERROR[0m [2mpet::jsonrpc[0m[2m:[0m Failed to resolve env "c:\\Python314\\python.exe", returning discovered env PythonEnvironment { display_name: Some("Python 3.14 (64-bit)"), name: None, executable: Some("C:\\Python314\\python.exe"), kind: Some(WindowsRegistry), version: Some("3.14.5"), prefix: Some("C:\\Python314"), manager: None, project: None, arch: Some(X64), symlinks: Some(["C:\\Python314\\python.exe"]), error: None }

2026-07-29 15:01:26.927 [info] Resolved Python Environment C:\Python314\python.exe
2026-07-29 15:01:26.958 [error] [pet] [2m3924.448146700s[0m [31mERROR[0m [2mpet_python_utils::env[0m[2m:[0m Python Execution for "C:\\Python314\\python.exe" produced an output "" without a separator
[2m3924.448185500s[0m [31mERROR[0m [2mpet::jsonrpc[0m[2m:[0m Failed to resolve env "c:\\Python314\\python.exe", returning discovered env PythonEnvironment { display_name: Some("Python 3.14 (64-bit)"), name: None, executable: Some("C:\\Python314\\python.exe"), kind: Some(WindowsRegistry), version: Some("3.14.5"), prefix: Some("C:\\Python314"), manager: None, project: None, arch: Some(X64), symlinks: Some(["C:\\Python314\\python.exe"]), error: None }

2026-07-29 15:01:26.958 [info] Resolved Python Environment C:\Python314\python.exe
2026-07-29 15:05:13.680 [error] [pet] [2m4151.170440000s[0m [31mERROR[0m [2mpet_python_utils::env[0m[2m:[0m Python Execution for "C:\\Python314\\python.exe" produced an output "" without a separator
[2m4151.170465700s[0m [31mERROR[0m [2mpet::jsonrpc[0m[2m:[0m Failed to resolve env "c:\\Python314\\python.exe", returning discovered env PythonEnvironment { display_name: Some("Python 3.14 (64-bit)"), name: None, executable: Some("C:\\Python314\\python.exe"), kind: Some(WindowsRegistry), version: Some("3.14.5"), prefix: Some("C:\\Python314"), manager: None, project: None, arch: Some(X64), symlinks: Some(["C:\\Python314\\python.exe"]), error: None }

2026-07-29 15:05:13.680 [info] Resolved Python Environment C:\Python314\python.exe
2026-07-29 15:05:13.711 [error] [pet] [2m4151.201137800s[0m [31mERROR[0m [2mpet_python_utils::env[0m[2m:[0m Python Execution for "C:\\Python314\\python.exe" produced an output "" without a separator
[2m4151.201162200s[0m [31mERROR[0m [2mpet::jsonrpc[0m[2m:[0m Failed to resolve env "c:\\Python314\\python.exe", returning discovered env PythonEnvironment { display_name: Some("Python 3.14 (64-bit)"), name: None, executable: Some("C:\\Python314\\python.exe"), kind: Some(WindowsRegistry), version: Some("3.14.5"), prefix: Some("C:\\Python314"), manager: None, project: None, arch: Some(X64), symlinks: Some(["C:\\Python314\\python.exe"]), error: None }

2026-07-29 15:05:13.711 [info] Resolved Python Environment C:\Python314\python.exe
2026-07-29 15:05:13.741 [error] [pet] [2m4151.231928100s[0m [31mERROR[0m [2mpet_python_utils::env[0m[2m:[0m Python Execution for "C:\\Python314\\python.exe" produced an output "" without a separator
[2m4151.231951900s[0m [31mERROR[0m [2mpet::jsonrpc[0m[2m:[0m Failed to resolve env "c:\\Python314\\python.exe", returning discovered env PythonEnvironment { display_name: Some("Python 3.14 (64-bit)"), name: None, executable: Some("C:\\Python314\\python.exe"), kind: Some(WindowsRegistry), version: Some("3.14.5"), prefix: Some("C:\\Python314"), manager: None, project: None, arch: Some(X64), symlinks: Some(["C:\\Python314\\python.exe"]), error: None }

2026-07-29 15:05:13.742 [info] Resolved Python Environment C:\Python314\python.exe
2026-07-29 15:05:13.771 [error] [pet] [2m4151.261941600s[0m [31mERROR[0m [2mpet_python_utils::env[0m[2m:[0m Python Execution for "C:\\Python314\\python.exe" produced an output "" without a separator
[2m4151.261966000s[0m [31mERROR[0m [2mpet::jsonrpc[0m[2m:[0m Failed to resolve env "c:\\Python314\\python.exe", returning discovered env PythonEnvironment { display_name: Some("Python 3.14 (64-bit)"), name: None, executable: Some("C:\\Python314\\python.exe"), kind: Some(WindowsRegistry), version: Some("3.14.5"), prefix: Some("C:\\Python314"), manager: None, project: None, arch: Some(X64), symlinks: Some(["C:\\Python314\\python.exe"]), error: None }

2026-07-29 15:05:13.772 [info] Resolved Python Environment C:\Python314\python.exe
2026-07-29 15:05:13.828 [error] [pet] [2m4151.318113900s[0m [31mERROR[0m [2mpet_python_utils::env[0m[2m:[0m Python Execution for "C:\\Python314\\python.exe" produced an output "" without a separator
[2m4151.318144500s[0m [31mERROR[0m [2mpet::jsonrpc[0m[2m:[0m Failed to resolve env "c:\\Python314\\python.exe", returning discovered env PythonEnvironment { display_name: Some("Python 3.14 (64-bit)"), name: None, executable: Some("C:\\Python314\\python.exe"), kind: Some(WindowsRegistry), version: Some("3.14.5"), prefix: Some("C:\\Python314"), manager: None, project: None, arch: Some(X64), symlinks: Some(["C:\\Python314\\python.exe"]), error: None }

2026-07-29 15:05:13.828 [info] Resolved Python Environment C:\Python314\python.exe
2026-07-29 15:09:58.543 [error] [pet] [2m4436.033801600s[0m [31mERROR[0m [2mpet_python_utils::env[0m[2m:[0m Python Execution for "C:\\Python314\\python.exe" produced an output "" without a separator
[2m4436.033839700s[0m [31mERROR[0m [2mpet::jsonrpc[0m[2m:[0m Failed to resolve env "c:\\Python314\\python.exe", returning discovered env PythonEnvironment { display_name: Some("Python 3.14 (64-bit)"), name: None, executable: Some("C:\\Python314\\python.exe"), kind: Some(WindowsRegistry), version: Some("3.14.5"), prefix: Some("C:\\Python314"), manager: None, project: None, arch: Some(X64), symlinks: Some(["C:\\Python314\\python.exe"]), error: None }

2026-07-29 15:09:58.544 [info] Resolved Python Environment C:\Python314\python.exe
2026-07-29 15:09:58.574 [error] [pet] [2m4436.064915700s[0m [31mERROR[0m [2mpet_python_utils::env[0m[2m:[0m Python Execution for "C:\\Python314\\python.exe" produced an output "" without a separator
[2m4436.064942900s[0m [31mERROR[0m [2mpet::jsonrpc[0m[2m:[0m Failed to resolve env "c:\\Python314\\python.exe", returning discovered env PythonEnvironment { display_name: Some("Python 3.14 (64-bit)"), name: None, executable: Some("C:\\Python314\\python.exe"), kind: Some(WindowsRegistry), version: Some("3.14.5"), prefix: Some("C:\\Python314"), manager: None, project: None, arch: Some(X64), symlinks: Some(["C:\\Python314\\python.exe"]), error: None }

2026-07-29 15:09:58.575 [info] Resolved Python Environment C:\Python314\python.exe
2026-07-29 15:09:58.606 [error] [pet] [2m4436.096316600s[0m [31mERROR[0m [2mpet_python_utils::env[0m[2m:[0m Python Execution for "C:\\Python314\\python.exe" produced an output "" without a separator
[2m4436.096341200s[0m [31mERROR[0m [2mpet::jsonrpc[0m[2m:[0m Failed to resolve env "c:\\Python314\\python.exe", returning discovered env PythonEnvironment { display_name: Some("Python 3.14 (64-bit)"), name: None, executable: Some("C:\\Python314\\python.exe"), kind: Some(WindowsRegistry), version: Some("3.14.5"), prefix: Some("C:\\Python314"), manager: None, project: None, arch: Some(X64), symlinks: Some(["C:\\Python314\\python.exe"]), error: None }

2026-07-29 15:09:58.606 [info] Resolved Python Environment C:\Python314\python.exe
2026-07-29 15:09:58.636 [error] [pet] [2m4436.126560100s[0m [31mERROR[0m [2mpet_python_utils::env[0m[2m:[0m Python Execution for "C:\\Python314\\python.exe" produced an output "" without a separator
[2m4436.126586800s[0m [31mERROR[0m [2mpet::jsonrpc[0m[2m:[0m Failed to resolve env "c:\\Python314\\python.exe", returning discovered env PythonEnvironment { display_name: Some("Python 3.14 (64-bit)"), name: None, executable: Some("C:\\Python314\\python.exe"), kind: Some(WindowsRegistry), version: Some("3.14.5"), prefix: Some("C:\\Python314"), manager: None, project: None, arch: Some(X64), symlinks: Some(["C:\\Python314\\python.exe"]), error: None }

2026-07-29 15:09:58.636 [info] Resolved Python Environment C:\Python314\python.exe
2026-07-29 15:09:58.667 [error] [pet] [2m4436.157516100s[0m [31mERROR[0m [2mpet_python_utils::env[0m[2m:[0m Python Execution for "C:\\Python314\\python.exe" produced an output "" without a separator
[2m4436.157541300s[0m [31mERROR[0m [2mpet::jsonrpc[0m[2m:[0m Failed to resolve env "c:\\Python314\\python.exe", returning discovered env PythonEnvironment { display_name: Some("Python 3.14 (64-bit)"), name: None, executable: Some("C:\\Python314\\python.exe"), kind: Some(WindowsRegistry), version: Some("3.14.5"), prefix: Some("C:\\Python314"), manager: None, project: None, arch: Some(X64), symlinks: Some(["C:\\Python314\\python.exe"]), error: None }

2026-07-29 15:09:58.667 [info] Resolved Python Environment C:\Python314\python.exe
2026-07-29 15:12:47.173 [error] [pet] [2m4604.663025000s[0m [31mERROR[0m [2mpet_python_utils::env[0m[2m:[0m Python Execution for "C:\\Python314\\python.exe" produced an output "" without a separator
[2m4604.663058500s[0m [31mERROR[0m [2mpet::jsonrpc[0m[2m:[0m Failed to resolve env "c:\\Python314\\python.exe", returning discovered env PythonEnvironment { display_name: Some("Python 3.14 (64-bit)"), name: None, executable: Some("C:\\Python314\\python.exe"), kind: Some(WindowsRegistry), version: Some("3.14.5"), prefix: Some("C:\\Python314"), manager: None, project: None, arch: Some(X64), symlinks: Some(["C:\\Python314\\python.exe"]), error: None }

2026-07-29 15:12:47.173 [info] Resolved Python Environment C:\Python314\python.exe
2026-07-29 15:12:47.229 [error] [pet] [2m4604.719594500s[0m [31mERROR[0m [2mpet_python_utils::env[0m[2m:[0m Python Execution for "C:\\Python314\\python.exe" produced an output "" without a separator
[2m4604.719619300s[0m [31mERROR[0m [2mpet::jsonrpc[0m[2m:[0m Failed to resolve env "c:\\Python314\\python.exe", returning discovered env PythonEnvironment { display_name: Some("Python 3.14 (64-bit)"), name: None, executable: Some("C:\\Python314\\python.exe"), kind: Some(WindowsRegistry), version: Some("3.14.5"), prefix: Some("C:\\Python314"), manager: None, project: None, arch: Some(X64), symlinks: Some(["C:\\Python314\\python.exe"]), error: None }

2026-07-29 15:12:47.229 [info] Resolved Python Environment C:\Python314\python.exe
2026-07-29 15:12:47.261 [error] [pet] [2m4604.752043200s[0m [31mERROR[0m [2mpet_python_utils::env[0m[2m:[0m Python Execution for "C:\\Python314\\python.exe" produced an output "" without a separator
[2m4604.752075100s[0m [31mERROR[0m [2mpet::jsonrpc[0m[2m:[0m Failed to resolve env "c:\\Python314\\python.exe", returning discovered env PythonEnvironment { display_name: Some("Python 3.14 (64-bit)"), name: None, executable: Some("C:\\Python314\\python.exe"), kind: Some(WindowsRegistry), version: Some("3.14.5"), prefix: Some("C:\\Python314"), manager: None, project: None, arch: Some(X64), symlinks: Some(["C:\\Python314\\python.exe"]), error: None }

2026-07-29 15:12:47.262 [info] Resolved Python Environment C:\Python314\python.exe
2026-07-29 15:12:47.318 [error] [pet] [2m4604.808930500s[0m [31mERROR[0m [2mpet_python_utils::env[0m[2m:[0m Python Execution for "C:\\Python314\\python.exe" produced an output "" without a separator
[2m4604.808957900s[0m [31mERROR[0m [2mpet::jsonrpc[0m[2m:[0m Failed to resolve env "c:\\Python314\\python.exe", returning discovered env PythonEnvironment { display_name: Some("Python 3.14 (64-bit)"), name: None, executable: Some("C:\\Python314\\python.exe"), kind: Some(WindowsRegistry), version: Some("3.14.5"), prefix: Some("C:\\Python314"), manager: None, project: None, arch: Some(X64), symlinks: Some(["C:\\Python314\\python.exe"]), error: None }

2026-07-29 15:12:47.319 [info] Resolved Python Environment C:\Python314\python.exe
2026-07-29 15:12:47.350 [error] [pet] [2m4604.840335500s[0m [31mERROR[0m [2mpet_python_utils::env[0m[2m:[0m Python Execution for "C:\\Python314\\python.exe" produced an output "" without a separator
[2m4604.840360700s[0m [31mERROR[0m [2mpet::jsonrpc[0m[2m:[0m Failed to resolve env "c:\\Python314\\python.exe", returning discovered env PythonEnvironment { display_name: Some("Python 3.14 (64-bit)"), name: None, executable: Some("C:\\Python314\\python.exe"), kind: Some(WindowsRegistry), version: Some("3.14.5"), prefix: Some("C:\\Python314"), manager: None, project: None, arch: Some(X64), symlinks: Some(["C:\\Python314\\python.exe"]), error: None }

2026-07-29 15:12:47.350 [info] Resolved Python Environment C:\Python314\python.exe
2026-07-29 15:13:02.986 [error] [pet] [2m4620.476895800s[0m [31mERROR[0m [2mpet_python_utils::env[0m[2m:[0m Python Execution for "C:\\Python314\\python.exe" produced an output "" without a separator
[2m4620.476925300s[0m [31mERROR[0m [2mpet::jsonrpc[0m[2m:[0m Failed to resolve env "c:\\Python314\\python.exe", returning discovered env PythonEnvironment { display_name: Some("Python 3.14 (64-bit)"), name: None, executable: Some("C:\\Python314\\python.exe"), kind: Some(WindowsRegistry), version: Some("3.14.5"), prefix: Some("C:\\Python314"), manager: None, project: None, arch: Some(X64), symlinks: Some(["C:\\Python314\\python.exe"]), error: None }

2026-07-29 15:13:02.987 [info] Resolved Python Environment C:\Python314\python.exe
2026-07-29 15:13:03.017 [error] [pet] [2m4620.507703500s[0m [31mERROR[0m [2mpet_python_utils::env[0m[2m:[0m Python Execution for "C:\\Python314\\python.exe" produced an output "" without a separator
[2m4620.507728800s[0m [31mERROR[0m [2mpet::jsonrpc[0m[2m:[0m Failed to resolve env "c:\\Python314\\python.exe", returning discovered env PythonEnvironment { display_name: Some("Python 3.14 (64-bit)"), name: None, executable: Some("C:\\Python314\\python.exe"), kind: Some(WindowsRegistry), version: Some("3.14.5"), prefix: Some("C:\\Python314"), manager: None, project: None, arch: Some(X64), symlinks: Some(["C:\\Python314\\python.exe"]), error: None }

2026-07-29 15:13:03.017 [info] Resolved Python Environment C:\Python314\python.exe
2026-07-29 15:13:03.074 [error] [pet] [2m4620.564138000s[0m [31mERROR[0m [2mpet_python_utils::env[0m[2m:[0m Python Execution for "C:\\Python314\\python.exe" produced an output "" without a separator
[2m4620.564164400s[0m [31mERROR[0m [2mpet::jsonrpc[0m[2m:[0m Failed to resolve env "c:\\Python314\\python.exe", returning discovered env PythonEnvironment { display_name: Some("Python 3.14 (64-bit)"), name: None, executable: Some("C:\\Python314\\python.exe"), kind: Some(WindowsRegistry), version: Some("3.14.5"), prefix: Some("C:\\Python314"), manager: None, project: None, arch: Some(X64), symlinks: Some(["C:\\Python314\\python.exe"]), error: None }

2026-07-29 15:13:03.074 [info] Resolved Python Environment C:\Python314\python.exe
2026-07-29 15:13:03.105 [error] [pet] [2m4620.595228700s[0m [31mERROR[0m [2mpet_python_utils::env[0m[2m:[0m Python Execution for "C:\\Python314\\python.exe" produced an output "" without a separator
[2m4620.595255300s[0m [31mERROR[0m [2mpet::jsonrpc[0m[2m:[0m Failed to resolve env "c:\\Python314\\python.exe", returning discovered env PythonEnvironment { display_name: Some("Python 3.14 (64-bit)"), name: None, executable: Some("C:\\Python314\\python.exe"), kind: Some(WindowsRegistry), version: Some("3.14.5"), prefix: Some("C:\\Python314"), manager: None, project: None, arch: Some(X64), symlinks: Some(["C:\\Python314\\python.exe"]), error: None }

2026-07-29 15:13:03.105 [info] Resolved Python Environment C:\Python314\python.exe
2026-07-29 15:13:03.161 [error] [pet] [2m4620.651837800s[0m [31mERROR[0m [2mpet_python_utils::env[0m[2m:[0m Python Execution for "C:\\Python314\\python.exe" produced an output "" without a separator
[2m4620.651871600s[0m [31mERROR[0m [2mpet::jsonrpc[0m[2m:[0m Failed to resolve env "c:\\Python314\\python.exe", returning discovered env PythonEnvironment { display_name: Some("Python 3.14 (64-bit)"), name: None, executable: Some("C:\\Python314\\python.exe"), kind: Some(WindowsRegistry), version: Some("3.14.5"), prefix: Some("C:\\Python314"), manager: None, project: None, arch: Some(X64), symlinks: Some(["C:\\Python314\\python.exe"]), error: None }

2026-07-29 15:13:03.162 [info] Resolved Python Environment C:\Python314\python.exe
2026-07-29 15:13:06.235 [info] Running: uv --version
2026-07-29 15:13:06.235 [info] Running: uv --version
2026-07-29 15:13:06.241 [info] Running: C:\Python314\python.exe -m pip list --format=json
2026-07-29 15:13:06.249 [info] Running: C:\Python314\python.exe -m pip list --format=json --not-required
2026-07-29 15:13:06.263 [info] python: Could not find platform independent libraries <prefix>

2026-07-29 15:13:06.266 [info] python: Fatal Python error: Failed to import encodings module
Python runtime state: core initialized

2026-07-29 15:13:06.266 [info] python: ModuleNotFoundError: No module named 'encodings'

Current thread 0x00003d40 (most recent call first):
  <no Python frame>

2026-07-29 15:13:06.268 [error] Error running pip list Failed to run python -m pip list --format=json
2026-07-29 15:13:06.268 [info] Package list retrieval attempted using pip, action can be done with uv if installed and setting `alwaysUseUv` is enabled.
2026-07-29 15:13:06.269 [error] Error refreshing packages Failed to run python -m pip list --format=json
2026-07-29 15:13:06.269 [info] python: Could not find platform independent libraries <prefix>

2026-07-29 15:13:06.271 [info] python: Fatal Python error: Failed to import encodings module
Python runtime state: core initialized

2026-07-29 15:13:06.271 [info] python: ModuleNotFoundError: No module named 'encodings'

Current thread 0x00002ef8 (most recent call first):
  <no Python frame>

2026-07-29 15:13:06.274 [error] Error running pip list Failed to run python -m pip list --format=json --not-required
2026-07-29 15:13:06.274 [info] Package list retrieval attempted using pip, action can be done with uv if installed and setting `alwaysUseUv` is enabled.
2026-07-29 15:13:09.915 [info] Discovered env: C:\Users\clari\AppData\Roaming\uv\python\cpython-3.13.5-windows-x86_64-none\python.exe
2026-07-29 15:13:09.915 [info] Discovered env: D:\5.Dev\3.Runtimes\Python\Python313\python.exe
2026-07-29 15:13:09.916 [error] [pet] [2m4627.406071000s[0m [33m WARN[0m [2mpet_windows_registry::environments[0m[2m:[0m Python executable (D:\5.Software Development\Python\Python312\python.exe) file not found for HKLM\Software\Python\PythonCore\3.12

2026-07-29 15:13:09.916 [info] Discovered env: C:\Python314\python.exe
2026-07-29 15:13:09.918 [error] [pet] [2m4627.408147500s[0m [33m WARN[0m [2mpet_windows_registry::environments[0m[2m:[0m Python executable (D:\5.Software Development\Python\Python312\python.exe) file not found for HKLM\Software\Python\PythonCore\3.12

2026-07-29 15:13:10.074 [error] [pet] [2m4627.564804900s[0m [31mERROR[0m [2mpet_python_utils::env[0m[2m:[0m Python Execution for "C:\\ProgramData\\chocolatey\\bin\\python3.14.exe" produced an output "" without a separator
[2m4627.564827900s[0m [33m WARN[0m [2mpet::find[0m[2m:[0m Unknown Python Env "C:\\ProgramData\\chocolatey\\bin\\python3.14.exe"

2026-07-29 15:13:10.077 [info] Found venv environment: cpython-3.13.5-windows-x86_64-none (3.13.5)
2026-07-29 15:14:20.615 [error] [pet] [2m4698.105687300s[0m [31mERROR[0m [2mpet_python_utils::env[0m[2m:[0m Python Execution for "C:\\Python314\\python.exe" produced an output "" without a separator
[2m4698.105717500s[0m [31mERROR[0m [2mpet::jsonrpc[0m[2m:[0m Failed to resolve env "c:\\Python314\\python.exe", returning discovered env PythonEnvironment { display_name: Some("Python 3.14 (64-bit)"), name: None, executable: Some("C:\\Python314\\python.exe"), kind: Some(WindowsRegistry), version: Some("3.14.5"), prefix: Some("C:\\Python314"), manager: None, project: None, arch: Some(X64), symlinks: Some(["C:\\Python314\\python.exe"]), error: None }

2026-07-29 15:14:20.616 [info] Resolved Python Environment C:\Python314\python.exe
2026-07-29 15:14:20.673 [error] [pet] [2m4698.163603700s[0m [31mERROR[0m [2mpet_python_utils::env[0m[2m:[0m Python Execution for "C:\\Python314\\python.exe" produced an output "" without a separator
[2m4698.163627100s[0m [31mERROR[0m [2mpet::jsonrpc[0m[2m:[0m Failed to resolve env "c:\\Python314\\python.exe", returning discovered env PythonEnvironment { display_name: Some("Python 3.14 (64-bit)"), name: None, executable: Some("C:\\Python314\\python.exe"), kind: Some(WindowsRegistry), version: Some("3.14.5"), prefix: Some("C:\\Python314"), manager: None, project: None, arch: Some(X64), symlinks: Some(["C:\\Python314\\python.exe"]), error: None }

2026-07-29 15:14:20.674 [info] Resolved Python Environment C:\Python314\python.exe
2026-07-29 15:14:20.731 [error] [pet] [2m4698.221348400s[0m [31mERROR[0m [2mpet_python_utils::env[0m[2m:[0m Python Execution for "C:\\Python314\\python.exe" produced an output "" without a separator
[2m4698.221374900s[0m [31mERROR[0m [2mpet::jsonrpc[0m[2m:[0m Failed to resolve env "c:\\Python314\\python.exe", returning discovered env PythonEnvironment { display_name: Some("Python 3.14 (64-bit)"), name: None, executable: Some("C:\\Python314\\python.exe"), kind: Some(WindowsRegistry), version: Some("3.14.5"), prefix: Some("C:\\Python314"), manager: None, project: None, arch: Some(X64), symlinks: Some(["C:\\Python314\\python.exe"]), error: None }

2026-07-29 15:14:20.731 [info] Resolved Python Environment C:\Python314\python.exe
2026-07-29 15:14:20.791 [error] [pet] [2m4698.281543300s[0m [31mERROR[0m [2mpet_python_utils::env[0m[2m:[0m Python Execution for "C:\\Python314\\python.exe" produced an output "" without a separator
[2m4698.281569300s[0m [31mERROR[0m [2mpet::jsonrpc[0m[2m:[0m Failed to resolve env "c:\\Python314\\python.exe", returning discovered env PythonEnvironment { display_name: Some("Python 3.14 (64-bit)"), name: None, executable: Some("C:\\Python314\\python.exe"), kind: Some(WindowsRegistry), version: Some("3.14.5"), prefix: Some("C:\\Python314"), manager: None, project: None, arch: Some(X64), symlinks: Some(["C:\\Python314\\python.exe"]), error: None }

2026-07-29 15:14:20.791 [info] Resolved Python Environment C:\Python314\python.exe
2026-07-29 15:14:20.848 [error] [pet] [2m4698.338129600s[0m [31mERROR[0m [2mpet_python_utils::env[0m[2m:[0m Python Execution for "C:\\Python314\\python.exe" produced an output "" without a separator
[2m4698.338154800s[0m [31mERROR[0m [2mpet::jsonrpc[0m[2m:[0m Failed to resolve env "c:\\Python314\\python.exe", returning discovered env PythonEnvironment { display_name: Some("Python 3.14 (64-bit)"), name: None, executable: Some("C:\\Python314\\python.exe"), kind: Some(WindowsRegistry), version: Some("3.14.5"), prefix: Some("C:\\Python314"), manager: None, project: None, arch: Some(X64), symlinks: Some(["C:\\Python314\\python.exe"]), error: None }

2026-07-29 15:14:20.848 [info] Resolved Python Environment C:\Python314\python.exe
2026-07-29 15:14:24.372 [error] [pet] [2m4701.862665900s[0m [31mERROR[0m [2mpet_python_utils::env[0m[2m:[0m Python Execution for "C:\\Python314\\python.exe" produced an output "" without a separator
[2m4701.862691400s[0m [31mERROR[0m [2mpet::jsonrpc[0m[2m:[0m Failed to resolve env "c:\\Python314\\python.exe", returning discovered env PythonEnvironment { display_name: Some("Python 3.14 (64-bit)"), name: None, executable: Some("C:\\Python314\\python.exe"), kind: Some(WindowsRegistry), version: Some("3.14.5"), prefix: Some("C:\\Python314"), manager: None, project: None, arch: Some(X64), symlinks: Some(["C:\\Python314\\python.exe"]), error: None }

2026-07-29 15:14:24.373 [info] Resolved Python Environment C:\Python314\python.exe
2026-07-29 15:14:24.429 [error] [pet] [2m4701.919491800s[0m [31mERROR[0m [2mpet_python_utils::env[0m[2m:[0m Python Execution for "C:\\Python314\\python.exe" produced an output "" without a separator
[2m4701.919519500s[0m [31mERROR[0m [2mpet::jsonrpc[0m[2m:[0m Failed to resolve env "c:\\Python314\\python.exe", returning discovered env PythonEnvironment { display_name: Some("Python 3.14 (64-bit)"), name: None, executable: Some("C:\\Python314\\python.exe"), kind: Some(WindowsRegistry), version: Some("3.14.5"), prefix: Some("C:\\Python314"), manager: None, project: None, arch: Some(X64), symlinks: Some(["C:\\Python314\\python.exe"]), error: None }

2026-07-29 15:14:24.429 [info] Resolved Python Environment C:\Python314\python.exe
2026-07-29 15:14:24.485 [error] [pet] [2m4701.976022100s[0m [31mERROR[0m [2mpet_python_utils::env[0m[2m:[0m Python Execution for "C:\\Python314\\python.exe" produced an output "" without a separator
[2m4701.976047200s[0m [31mERROR[0m [2mpet::jsonrpc[0m[2m:[0m Failed to resolve env "c:\\Python314\\python.exe", returning discovered env PythonEnvironment { display_name: Some("Python 3.14 (64-bit)"), name: None, executable: Some("C:\\Python314\\python.exe"), kind: Some(WindowsRegistry), version: Some("3.14.5"), prefix: Some("C:\\Python314"), manager: None, project: None, arch: Some(X64), symlinks: Some(["C:\\Python314\\python.exe"]), error: None }

2026-07-29 15:14:24.486 [info] Resolved Python Environment C:\Python314\python.exe
2026-07-29 15:14:24.516 [error] [pet] [2m4702.006722700s[0m [31mERROR[0m [2mpet_python_utils::env[0m[2m:[0m Python Execution for "C:\\Python314\\python.exe" produced an output "" without a separator
[2m4702.006747900s[0m [31mERROR[0m [2mpet::jsonrpc[0m[2m:[0m Failed to resolve env "c:\\Python314\\python.exe", returning discovered env PythonEnvironment { display_name: Some("Python 3.14 (64-bit)"), name: None, executable: Some("C:\\Python314\\python.exe"), kind: Some(WindowsRegistry), version: Some("3.14.5"), prefix: Some("C:\\Python314"), manager: None, project: None, arch: Some(X64), symlinks: Some(["C:\\Python314\\python.exe"]), error: None }

2026-07-29 15:14:24.516 [info] Resolved Python Environment C:\Python314\python.exe
2026-07-29 15:14:24.547 [error] [pet] [2m4702.037646500s[0m [31mERROR[0m [2mpet_python_utils::env[0m[2m:[0m Python Execution for "C:\\Python314\\python.exe" produced an output "" without a separator
[2m4702.037668900s[0m [31mERROR[0m [2mpet::jsonrpc[0m[2m:[0m Failed to resolve env "c:\\Python314\\python.exe", returning discovered env PythonEnvironment { display_name: Some("Python 3.14 (64-bit)"), name: None, executable: Some("C:\\Python314\\python.exe"), kind: Some(WindowsRegistry), version: Some("3.14.5"), prefix: Some("C:\\Python314"), manager: None, project: None, arch: Some(X64), symlinks: Some(["C:\\Python314\\python.exe"]), error: None }

2026-07-29 15:14:24.547 [info] Resolved Python Environment C:\Python314\python.exe
2026-07-29 15:14:57.961 [error] [pet] [2m4735.181608700s[0m [31mERROR[0m [2mpet_python_utils::env[0m[2m:[0m Python Execution for "C:\\Python314\\python.exe" produced an output "" without a separator
[2m4735.181635400s[0m [31mERROR[0m [2mpet::jsonrpc[0m[2m:[0m Failed to resolve env "c:\\Python314\\python.exe", returning discovered env PythonEnvironment { display_name: Some("Python 3.14 (64-bit)"), name: None, executable: Some("C:\\Python314\\python.exe"), kind: Some(WindowsRegistry), version: Some("3.14.5"), prefix: Some("C:\\Python314"), manager: None, project: None, arch: Some(X64), symlinks: Some(["C:\\Python314\\python.exe"]), error: None }

2026-07-29 15:14:57.962 [info] Resolved Python Environment C:\Python314\python.exe
2026-07-29 15:14:57.992 [error] [pet] [2m4735.482856400s[0m [31mERROR[0m [2mpet_python_utils::env[0m[2m:[0m Python Execution for "C:\\Python314\\python.exe" produced an output "" without a separator
[2m4735.482876000s[0m [31mERROR[0m [2mpet::jsonrpc[0m[2m:[0m Failed to resolve env "c:\\Python314\\python.exe", returning discovered env PythonEnvironment { display_name: Some("Python 3.14 (64-bit)"), name: None, executable: Some("C:\\Python314\\python.exe"), kind: Some(WindowsRegistry), version: Some("3.14.5"), prefix: Some("C:\\Python314"), manager: None, project: None, arch: Some(X64), symlinks: Some(["C:\\Python314\\python.exe"]), error: None }

2026-07-29 15:14:57.993 [info] Resolved Python Environment C:\Python314\python.exe
2026-07-29 15:14:58.024 [error] [pet] [2m4735.514406000s[0m [31mERROR[0m [2mpet_python_utils::env[0m[2m:[0m Python Execution for "C:\\Python314\\python.exe" produced an output "" without a separator
[2m4735.514431200s[0m [31mERROR[0m [2mpet::jsonrpc[0m[2m:[0m Failed to resolve env "c:\\Python314\\python.exe", returning discovered env PythonEnvironment { display_name: Some("Python 3.14 (64-bit)"), name: None, executable: Some("C:\\Python314\\python.exe"), kind: Some(WindowsRegistry), version: Some("3.14.5"), prefix: Some("C:\\Python314"), manager: None, project: None, arch: Some(X64), symlinks: Some(["C:\\Python314\\python.exe"]), error: None }

2026-07-29 15:14:58.025 [info] Resolved Python Environment C:\Python314\python.exe
2026-07-29 15:14:58.055 [error] [pet] [2m4735.545636600s[0m [31mERROR[0m [2mpet_python_utils::env[0m[2m:[0m Python Execution for "C:\\Python314\\python.exe" produced an output "" without a separator
[2m4735.545664600s[0m [31mERROR[0m [2mpet::jsonrpc[0m[2m:[0m Failed to resolve env "c:\\Python314\\python.exe", returning discovered env PythonEnvironment { display_name: Some("Python 3.14 (64-bit)"), name: None, executable: Some("C:\\Python314\\python.exe"), kind: Some(WindowsRegistry), version: Some("3.14.5"), prefix: Some("C:\\Python314"), manager: None, project: None, arch: Some(X64), symlinks: Some(["C:\\Python314\\python.exe"]), error: None }

2026-07-29 15:14:58.056 [info] Resolved Python Environment C:\Python314\python.exe
2026-07-29 15:14:58.111 [error] [pet] [2m4735.601941400s[0m [31mERROR[0m [2mpet_python_utils::env[0m[2m:[0m Python Execution for "C:\\Python314\\python.exe" produced an output "" without a separator
[2m4735.601968200s[0m [31mERROR[0m [2mpet::jsonrpc[0m[2m:[0m Failed to resolve env "c:\\Python314\\python.exe", returning discovered env PythonEnvironment { display_name: Some("Python 3.14 (64-bit)"), name: None, executable: Some("C:\\Python314\\python.exe"), kind: Some(WindowsRegistry), version: Some("3.14.5"), prefix: Some("C:\\Python314"), manager: None, project: None, arch: Some(X64), symlinks: Some(["C:\\Python314\\python.exe"]), error: None }

2026-07-29 15:14:58.112 [info] Resolved Python Environment C:\Python314\python.exe
2026-07-29 15:15:07.708 [error] [pet] [2m4745.199002400s[0m [31mERROR[0m [2mpet_python_utils::env[0m[2m:[0m Python Execution for "C:\\Python314\\python.exe" produced an output "" without a separator
[2m4745.199031300s[0m [31mERROR[0m [2mpet::jsonrpc[0m[2m:[0m Failed to resolve env "c:\\Python314\\python.exe", returning discovered env PythonEnvironment { display_name: Some("Python 3.14 (64-bit)"), name: None, executable: Some("C:\\Python314\\python.exe"), kind: Some(WindowsRegistry), version: Some("3.14.5"), prefix: Some("C:\\Python314"), manager: None, project: None, arch: Some(X64), symlinks: Some(["C:\\Python314\\python.exe"]), error: None }

2026-07-29 15:15:07.709 [info] Resolved Python Environment C:\Python314\python.exe
2026-07-29 15:15:07.739 [error] [pet] [2m4745.230045700s[0m [31mERROR[0m [2mpet_python_utils::env[0m[2m:[0m Python Execution for "C:\\Python314\\python.exe" produced an output "" without a separator
[2m4745.230071200s[0m [31mERROR[0m [2mpet::jsonrpc[0m[2m:[0m Failed to resolve env "c:\\Python314\\python.exe", returning discovered env PythonEnvironment { display_name: Some("Python 3.14 (64-bit)"), name: None, executable: Some("C:\\Python314\\python.exe"), kind: Some(WindowsRegistry), version: Some("3.14.5"), prefix: Some("C:\\Python314"), manager: None, project: None, arch: Some(X64), symlinks: Some(["C:\\Python314\\python.exe"]), error: None }

2026-07-29 15:15:07.740 [info] Resolved Python Environment C:\Python314\python.exe
2026-07-29 15:15:07.796 [error] [pet] [2m4745.286439400s[0m [31mERROR[0m [2mpet_python_utils::env[0m[2m:[0m Python Execution for "C:\\Python314\\python.exe" produced an output "" without a separator
[2m4745.286463900s[0m [31mERROR[0m [2mpet::jsonrpc[0m[2m:[0m Failed to resolve env "c:\\Python314\\python.exe", returning discovered env PythonEnvironment { display_name: Some("Python 3.14 (64-bit)"), name: None, executable: Some("C:\\Python314\\python.exe"), kind: Some(WindowsRegistry), version: Some("3.14.5"), prefix: Some("C:\\Python314"), manager: None, project: None, arch: Some(X64), symlinks: Some(["C:\\Python314\\python.exe"]), error: None }

2026-07-29 15:15:07.796 [info] Resolved Python Environment C:\Python314\python.exe
2026-07-29 15:15:07.852 [error] [pet] [2m4745.342463600s[0m [31mERROR[0m [2mpet_python_utils::env[0m[2m:[0m Python Execution for "C:\\Python314\\python.exe" produced an output "" without a separator
[2m4745.342492000s[0m [31mERROR[0m [2mpet::jsonrpc[0m[2m:[0m Failed to resolve env "c:\\Python314\\python.exe", returning discovered env PythonEnvironment { display_name: Some("Python 3.14 (64-bit)"), name: None, executable: Some("C:\\Python314\\python.exe"), kind: Some(WindowsRegistry), version: Some("3.14.5"), prefix: Some("C:\\Python314"), manager: None, project: None, arch: Some(X64), symlinks: Some(["C:\\Python314\\python.exe"]), error: None }

2026-07-29 15:15:07.852 [info] Resolved Python Environment C:\Python314\python.exe
2026-07-29 15:15:07.883 [error] [pet] [2m4745.373124600s[0m [31mERROR[0m [2mpet_python_utils::env[0m[2m:[0m Python Execution for "C:\\Python314\\python.exe" produced an output "" without a separator
[2m4745.373150300s[0m [31mERROR[0m [2mpet::jsonrpc[0m[2m:[0m Failed to resolve env "c:\\Python314\\python.exe", returning discovered env PythonEnvironment { display_name: Some("Python 3.14 (64-bit)"), name: None, executable: Some("C:\\Python314\\python.exe"), kind: Some(WindowsRegistry), version: Some("3.14.5"), prefix: Some("C:\\Python314"), manager: None, project: None, arch: Some(X64), symlinks: Some(["C:\\Python314\\python.exe"]), error: None }

2026-07-29 15:15:07.883 [info] Resolved Python Environment C:\Python314\python.exe
2026-07-29 15:15:34.022 [error] [pet] [2m4771.511971900s[0m [31mERROR[0m [2mpet_python_utils::env[0m[2m:[0m Python Execution for "C:\\Python314\\python.exe" produced an output "" without a separator
[2m4771.512004600s[0m [31mERROR[0m [2mpet::jsonrpc[0m[2m:[0m Failed to resolve env "c:\\Python314\\python.exe", returning discovered env PythonEnvironment { display_name: Some("Python 3.14 (64-bit)"), name: None, executable: Some("C:\\Python314\\python.exe"), kind: Some(WindowsRegistry), version: Some("3.14.5"), prefix: Some("C:\\Python314"), manager: None, project: None, arch: Some(X64), symlinks: Some(["C:\\Python314\\python.exe"]), error: None }

2026-07-29 15:15:34.022 [info] Resolved Python Environment C:\Python314\python.exe
2026-07-29 15:15:34.052 [error] [pet] [2m4771.542499800s[0m [31mERROR[0m [2mpet_python_utils::env[0m[2m:[0m Python Execution for "C:\\Python314\\python.exe" produced an output "" without a separator
[2m4771.542529000s[0m [31mERROR[0m [2mpet::jsonrpc[0m[2m:[0m Failed to resolve env "c:\\Python314\\python.exe", returning discovered env PythonEnvironment { display_name: Some("Python 3.14 (64-bit)"), name: None, executable: Some("C:\\Python314\\python.exe"), kind: Some(WindowsRegistry), version: Some("3.14.5"), prefix: Some("C:\\Python314"), manager: None, project: None, arch: Some(X64), symlinks: Some(["C:\\Python314\\python.exe"]), error: None }

2026-07-29 15:15:34.052 [info] Resolved Python Environment C:\Python314\python.exe
2026-07-29 15:15:34.107 [error] [pet] [2m4771.597924500s[0m [31mERROR[0m [2mpet_python_utils::env[0m[2m:[0m Python Execution for "C:\\Python314\\python.exe" produced an output "" without a separator
[2m4771.597949200s[0m [31mERROR[0m [2mpet::jsonrpc[0m[2m:[0m Failed to resolve env "c:\\Python314\\python.exe", returning discovered env PythonEnvironment { display_name: Some("Python 3.14 (64-bit)"), name: None, executable: Some("C:\\Python314\\python.exe"), kind: Some(WindowsRegistry), version: Some("3.14.5"), prefix: Some("C:\\Python314"), manager: None, project: None, arch: Some(X64), symlinks: Some(["C:\\Python314\\python.exe"]), error: None }

2026-07-29 15:15:34.108 [info] Resolved Python Environment C:\Python314\python.exe
2026-07-29 15:15:34.163 [error] [pet] [2m4771.653838400s[0m [31mERROR[0m [2mpet_python_utils::env[0m[2m:[0m Python Execution for "C:\\Python314\\python.exe" produced an output "" without a separator
[2m4771.653867400s[0m [31mERROR[0m [2mpet::jsonrpc[0m[2m:[0m Failed to resolve env "c:\\Python314\\python.exe", returning discovered env PythonEnvironment { display_name: Some("Python 3.14 (64-bit)"), name: None, executable: Some("C:\\Python314\\python.exe"), kind: Some(WindowsRegistry), version: Some("3.14.5"), prefix: Some("C:\\Python314"), manager: None, project: None, arch: Some(X64), symlinks: Some(["C:\\Python314\\python.exe"]), error: None }

2026-07-29 15:15:34.164 [info] Resolved Python Environment C:\Python314\python.exe
2026-07-29 15:15:34.196 [error] [pet] [2m4771.686427600s[0m [31mERROR[0m [2mpet_python_utils::env[0m[2m:[0m Python Execution for "C:\\Python314\\python.exe" produced an output "" without a separator
[2m4771.686456600s[0m [31mERROR[0m [2mpet::jsonrpc[0m[2m:[0m Failed to resolve env "c:\\Python314\\python.exe", returning discovered env PythonEnvironment { display_name: Some("Python 3.14 (64-bit)"), name: None, executable: Some("C:\\Python314\\python.exe"), kind: Some(WindowsRegistry), version: Some("3.14.5"), prefix: Some("C:\\Python314"), manager: None, project: None, arch: Some(X64), symlinks: Some(["C:\\Python314\\python.exe"]), error: None }

2026-07-29 15:15:34.196 [info] Resolved Python Environment C:\Python314\python.exe
2026-07-29 15:15:46.695 [info] Discovered env: C:\Users\clari\AppData\Roaming\uv\python\cpython-3.13.5-windows-x86_64-none\python.exe
2026-07-29 15:15:46.699 [error] [pet] [2m4784.189294700s[0m [33m WARN[0m [2mpet_windows_registry::environments[0m[2m:[0m Python executable (D:\5.Software Development\Python\Python312\python.exe) file not found for HKLM\Software\Python\PythonCore\3.12

2026-07-29 15:15:46.699 [info] Discovered env: D:\5.Dev\3.Runtimes\Python\Python313\python.exe
2026-07-29 15:15:46.699 [info] Discovered env: C:\Python314\python.exe
2026-07-29 15:15:46.702 [error] [pet] [2m4784.192489200s[0m [33m WARN[0m [2mpet_windows_registry::environments[0m[2m:[0m Python executable (D:\5.Software Development\Python\Python312\python.exe) file not found for HKLM\Software\Python\PythonCore\3.12

2026-07-29 15:15:46.810 [error] [pet] [2m4784.301087500s[0m [31mERROR[0m [2mpet_python_utils::env[0m[2m:[0m Python Execution for "C:\\ProgramData\\chocolatey\\bin\\python3.14.exe" produced an output "" without a separator
[2m4784.301117700s[0m [33m WARN[0m [2mpet::find[0m[2m:[0m Unknown Python Env "C:\\ProgramData\\chocolatey\\bin\\python3.14.exe"

2026-07-29 15:15:46.849 [info] Found venv environment: cpython-3.13.5-windows-x86_64-none (3.13.5)
2026-07-29 15:16:37.341 [error] [pet] [2m4834.832015100s[0m [31mERROR[0m [2mpet_python_utils::env[0m[2m:[0m Python Execution for "C:\\Python314\\python.exe" produced an output "" without a separator
[2m4834.832041700s[0m [31mERROR[0m [2mpet::jsonrpc[0m[2m:[0m Failed to resolve env "c:\\Python314\\python.exe", returning discovered env PythonEnvironment { display_name: Some("Python 3.14 (64-bit)"), name: None, executable: Some("C:\\Python314\\python.exe"), kind: Some(WindowsRegistry), version: Some("3.14.5"), prefix: Some("C:\\Python314"), manager: None, project: None, arch: Some(X64), symlinks: Some(["C:\\Python314\\python.exe"]), error: None }

2026-07-29 15:16:37.342 [info] Resolved Python Environment C:\Python314\python.exe
2026-07-29 15:16:37.373 [error] [pet] [2m4834.863232700s[0m [31mERROR[0m [2mpet_python_utils::env[0m[2m:[0m Python Execution for "C:\\Python314\\python.exe" produced an output "" without a separator
[2m4834.863263600s[0m [31mERROR[0m [2mpet::jsonrpc[0m[2m:[0m Failed to resolve env "c:\\Python314\\python.exe", returning discovered env PythonEnvironment { display_name: Some("Python 3.14 (64-bit)"), name: None, executable: Some("C:\\Python314\\python.exe"), kind: Some(WindowsRegistry), version: Some("3.14.5"), prefix: Some("C:\\Python314"), manager: None, project: None, arch: Some(X64), symlinks: Some(["C:\\Python314\\python.exe"]), error: None }

2026-07-29 15:16:37.373 [info] Resolved Python Environment C:\Python314\python.exe
2026-07-29 15:16:37.430 [error] [pet] [2m4834.920474300s[0m [31mERROR[0m [2mpet_python_utils::env[0m[2m:[0m Python Execution for "C:\\Python314\\python.exe" produced an output "" without a separator
[2m4834.920499300s[0m [31mERROR[0m [2mpet::jsonrpc[0m[2m:[0m Failed to resolve env "c:\\Python314\\python.exe", returning discovered env PythonEnvironment { display_name: Some("Python 3.14 (64-bit)"), name: None, executable: Some("C:\\Python314\\python.exe"), kind: Some(WindowsRegistry), version: Some("3.14.5"), prefix: Some("C:\\Python314"), manager: None, project: None, arch: Some(X64), symlinks: Some(["C:\\Python314\\python.exe"]), error: None }

2026-07-29 15:16:37.430 [info] Resolved Python Environment C:\Python314\python.exe
2026-07-29 15:16:37.461 [error] [pet] [2m4834.951574300s[0m [31mERROR[0m [2mpet_python_utils::env[0m[2m:[0m Python Execution for "C:\\Python314\\python.exe" produced an output "" without a separator
[2m4834.951603000s[0m [31mERROR[0m [2mpet::jsonrpc[0m[2m:[0m Failed to resolve env "c:\\Python314\\python.exe", returning discovered env PythonEnvironment { display_name: Some("Python 3.14 (64-bit)"), name: None, executable: Some("C:\\Python314\\python.exe"), kind: Some(WindowsRegistry), version: Some("3.14.5"), prefix: Some("C:\\Python314"), manager: None, project: None, arch: Some(X64), symlinks: Some(["C:\\Python314\\python.exe"]), error: None }

2026-07-29 15:16:37.461 [info] Resolved Python Environment C:\Python314\python.exe
2026-07-29 15:16:37.492 [error] [pet] [2m4834.982254300s[0m [31mERROR[0m [2mpet_python_utils::env[0m[2m:[0m Python Execution for "C:\\Python314\\python.exe" produced an output "" without a separator
[2m4834.982290100s[0m [31mERROR[0m [2mpet::jsonrpc[0m[2m:[0m Failed to resolve env "c:\\Python314\\python.exe", returning discovered env PythonEnvironment { display_name: Some("Python 3.14 (64-bit)"), name: None, executable: Some("C:\\Python314\\python.exe"), kind: Some(WindowsRegistry), version: Some("3.14.5"), prefix: Some("C:\\Python314"), manager: None, project: None, arch: Some(X64), symlinks: Some(["C:\\Python314\\python.exe"]), error: None }

2026-07-29 15:16:37.492 [info] Resolved Python Environment C:\Python314\python.exe
2026-07-29 15:16:53.966 [error] [pet] [2m4851.456766400s[0m [31mERROR[0m [2mpet_python_utils::env[0m[2m:[0m Python Execution for "C:\\Python314\\python.exe" produced an output "" without a separator
[2m4851.456793900s[0m [31mERROR[0m [2mpet::jsonrpc[0m[2m:[0m Failed to resolve env "c:\\Python314\\python.exe", returning discovered env PythonEnvironment { display_name: Some("Python 3.14 (64-bit)"), name: None, executable: Some("C:\\Python314\\python.exe"), kind: Some(WindowsRegistry), version: Some("3.14.5"), prefix: Some("C:\\Python314"), manager: None, project: None, arch: Some(X64), symlinks: Some(["C:\\Python314\\python.exe"]), error: None }

2026-07-29 15:16:53.967 [info] Resolved Python Environment C:\Python314\python.exe
2026-07-29 15:16:53.997 [error] [pet] [2m4851.487729500s[0m [31mERROR[0m [2mpet_python_utils::env[0m[2m:[0m Python Execution for "C:\\Python314\\python.exe" produced an output "" without a separator
[2m4851.487758600s[0m [31mERROR[0m [2mpet::jsonrpc[0m[2m:[0m Failed to resolve env "c:\\Python314\\python.exe", returning discovered env PythonEnvironment { display_name: Some("Python 3.14 (64-bit)"), name: None, executable: Some("C:\\Python314\\python.exe"), kind: Some(WindowsRegistry), version: Some("3.14.5"), prefix: Some("C:\\Python314"), manager: None, project: None, arch: Some(X64), symlinks: Some(["C:\\Python314\\python.exe"]), error: None }

2026-07-29 15:16:53.998 [info] Resolved Python Environment C:\Python314\python.exe
2026-07-29 15:16:54.053 [error] [pet] [2m4851.543767600s[0m [31mERROR[0m [2mpet_python_utils::env[0m[2m:[0m Python Execution for "C:\\Python314\\python.exe" produced an output "" without a separator
[2m4851.543792500s[0m [31mERROR[0m [2mpet::jsonrpc[0m[2m:[0m Failed to resolve env "c:\\Python314\\python.exe", returning discovered env PythonEnvironment { display_name: Some("Python 3.14 (64-bit)"), name: None, executable: Some("C:\\Python314\\python.exe"), kind: Some(WindowsRegistry), version: Some("3.14.5"), prefix: Some("C:\\Python314"), manager: None, project: None, arch: Some(X64), symlinks: Some(["C:\\Python314\\python.exe"]), error: None }

2026-07-29 15:16:54.054 [info] Resolved Python Environment C:\Python314\python.exe
2026-07-29 15:16:54.084 [error] [pet] [2m4851.574410000s[0m [31mERROR[0m [2mpet_python_utils::env[0m[2m:[0m Python Execution for "C:\\Python314\\python.exe" produced an output "" without a separator
[2m4851.574447800s[0m [31mERROR[0m [2mpet::jsonrpc[0m[2m:[0m Failed to resolve env "c:\\Python314\\python.exe", returning discovered env PythonEnvironment { display_name: Some("Python 3.14 (64-bit)"), name: None, executable: Some("C:\\Python314\\python.exe"), kind: Some(WindowsRegistry), version: Some("3.14.5"), prefix: Some("C:\\Python314"), manager: None, project: None, arch: Some(X64), symlinks: Some(["C:\\Python314\\python.exe"]), error: None }

2026-07-29 15:16:54.084 [info] Resolved Python Environment C:\Python314\python.exe
2026-07-29 15:16:54.140 [error] [pet] [2m4851.630909800s[0m [31mERROR[0m [2mpet_python_utils::env[0m[2m:[0m Python Execution for "C:\\Python314\\python.exe" produced an output "" without a separator
[2m4851.630933500s[0m [31mERROR[0m [2mpet::jsonrpc[0m[2m:[0m Failed to resolve env "c:\\Python314\\python.exe", returning discovered env PythonEnvironment { display_name: Some("Python 3.14 (64-bit)"), name: None, executable: Some("C:\\Python314\\python.exe"), kind: Some(WindowsRegistry), version: Some("3.14.5"), prefix: Some("C:\\Python314"), manager: None, project: None, arch: Some(X64), symlinks: Some(["C:\\Python314\\python.exe"]), error: None }

2026-07-29 15:16:54.141 [info] Resolved Python Environment C:\Python314\python.exe
2026-07-29 15:16:59.300 [error] [pet] [2m4856.790649300s[0m [31mERROR[0m [2mpet_python_utils::env[0m[2m:[0m Python Execution for "C:\\Python314\\python.exe" produced an output "" without a separator
[2m4856.790672100s[0m [31mERROR[0m [2mpet::jsonrpc[0m[2m:[0m Failed to resolve env "c:\\Python314\\python.exe", returning discovered env PythonEnvironment { display_name: Some("Python 3.14 (64-bit)"), name: None, executable: Some("C:\\Python314\\python.exe"), kind: Some(WindowsRegistry), version: Some("3.14.5"), prefix: Some("C:\\Python314"), manager: None, project: None, arch: Some(X64), symlinks: Some(["C:\\Python314\\python.exe"]), error: None }

2026-07-29 15:16:59.300 [info] Resolved Python Environment C:\Python314\python.exe
2026-07-29 15:16:59.332 [error] [pet] [2m4856.822510300s[0m [31mERROR[0m [2mpet_python_utils::env[0m[2m:[0m Python Execution for "C:\\Python314\\python.exe" produced an output "" without a separator
[2m4856.822545600s[0m [31mERROR[0m [2mpet::jsonrpc[0m[2m:[0m Failed to resolve env "c:\\Python314\\python.exe", returning discovered env PythonEnvironment { display_name: Some("Python 3.14 (64-bit)"), name: None, executable: Some("C:\\Python314\\python.exe"), kind: Some(WindowsRegistry), version: Some("3.14.5"), prefix: Some("C:\\Python314"), manager: None, project: None, arch: Some(X64), symlinks: Some(["C:\\Python314\\python.exe"]), error: None }

2026-07-29 15:16:59.332 [info] Resolved Python Environment C:\Python314\python.exe
2026-07-29 15:16:59.388 [error] [pet] [2m4856.878531200s[0m [31mERROR[0m [2mpet_python_utils::env[0m[2m:[0m Python Execution for "C:\\Python314\\python.exe" produced an output "" without a separator
[2m4856.878555300s[0m [31mERROR[0m [2mpet::jsonrpc[0m[2m:[0m Failed to resolve env "c:\\Python314\\python.exe", returning discovered env PythonEnvironment { display_name: Some("Python 3.14 (64-bit)"), name: None, executable: Some("C:\\Python314\\python.exe"), kind: Some(WindowsRegistry), version: Some("3.14.5"), prefix: Some("C:\\Python314"), manager: None, project: None, arch: Some(X64), symlinks: Some(["C:\\Python314\\python.exe"]), error: None }

2026-07-29 15:16:59.388 [info] Resolved Python Environment C:\Python314\python.exe
2026-07-29 15:16:59.423 [error] [pet] [2m4856.913118300s[0m [31mERROR[0m [2mpet_python_utils::env[0m[2m:[0m Python Execution for "C:\\Python314\\python.exe" produced an output "" without a separator
[2m4856.913146700s[0m [31mERROR[0m [2mpet::jsonrpc[0m[2m:[0m Failed to resolve env "c:\\Python314\\python.exe", returning discovered env PythonEnvironment { display_name: Some("Python 3.14 (64-bit)"), name: None, executable: Some("C:\\Python314\\python.exe"), kind: Some(WindowsRegistry), version: Some("3.14.5"), prefix: Some("C:\\Python314"), manager: None, project: None, arch: Some(X64), symlinks: Some(["C:\\Python314\\python.exe"]), error: None }

2026-07-29 15:16:59.423 [info] Resolved Python Environment C:\Python314\python.exe
2026-07-29 15:16:59.454 [error] [pet] [2m4856.944419000s[0m [31mERROR[0m [2mpet_python_utils::env[0m[2m:[0m Python Execution for "C:\\Python314\\python.exe" produced an output "" without a separator
[2m4856.944444900s[0m [31mERROR[0m [2mpet::jsonrpc[0m[2m:[0m Failed to resolve env "c:\\Python314\\python.exe", returning discovered env PythonEnvironment { display_name: Some("Python 3.14 (64-bit)"), name: None, executable: Some("C:\\Python314\\python.exe"), kind: Some(WindowsRegistry), version: Some("3.14.5"), prefix: Some("C:\\Python314"), manager: None, project: None, arch: Some(X64), symlinks: Some(["C:\\Python314\\python.exe"]), error: None }

2026-07-29 15:16:59.454 [info] Resolved Python Environment C:\Python314\python.exe
2026-07-29 15:17:35.489 [error] [pet] [2m4892.979774100s[0m [31mERROR[0m [2mpet_python_utils::env[0m[2m:[0m Python Execution for "C:\\Python314\\python.exe" produced an output "" without a separator
[2m4892.979799800s[0m [31mERROR[0m [2mpet::jsonrpc[0m[2m:[0m Failed to resolve env "c:\\Python314\\python.exe", returning discovered env PythonEnvironment { display_name: Some("Python 3.14 (64-bit)"), name: None, executable: Some("C:\\Python314\\python.exe"), kind: Some(WindowsRegistry), version: Some("3.14.5"), prefix: Some("C:\\Python314"), manager: None, project: None, arch: Some(X64), symlinks: Some(["C:\\Python314\\python.exe"]), error: None }

2026-07-29 15:17:35.490 [info] Resolved Python Environment C:\Python314\python.exe
2026-07-29 15:17:35.520 [error] [pet] [2m4893.010368700s[0m [31mERROR[0m [2mpet_python_utils::env[0m[2m:[0m Python Execution for "C:\\Python314\\python.exe" produced an output "" without a separator
[2m4893.010401600s[0m [31mERROR[0m [2mpet::jsonrpc[0m[2m:[0m Failed to resolve env "c:\\Python314\\python.exe", returning discovered env PythonEnvironment { display_name: Some("Python 3.14 (64-bit)"), name: None, executable: Some("C:\\Python314\\python.exe"), kind: Some(WindowsRegistry), version: Some("3.14.5"), prefix: Some("C:\\Python314"), manager: None, project: None, arch: Some(X64), symlinks: Some(["C:\\Python314\\python.exe"]), error: None }

2026-07-29 15:17:35.520 [info] Resolved Python Environment C:\Python314\python.exe
2026-07-29 15:17:35.552 [error] [pet] [2m4893.042506600s[0m [31mERROR[0m [2mpet_python_utils::env[0m[2m:[0m Python Execution for "C:\\Python314\\python.exe" produced an output "" without a separator
[2m4893.042535500s[0m [31mERROR[0m [2mpet::jsonrpc[0m[2m:[0m Failed to resolve env "c:\\Python314\\python.exe", returning discovered env PythonEnvironment { display_name: Some("Python 3.14 (64-bit)"), name: None, executable: Some("C:\\Python314\\python.exe"), kind: Some(WindowsRegistry), version: Some("3.14.5"), prefix: Some("C:\\Python314"), manager: None, project: None, arch: Some(X64), symlinks: Some(["C:\\Python314\\python.exe"]), error: None }

2026-07-29 15:17:35.552 [info] Resolved Python Environment C:\Python314\python.exe
2026-07-29 15:17:35.590 [error] [pet] [2m4893.080453600s[0m [31mERROR[0m [2mpet_python_utils::env[0m[2m:[0m Python Execution for "C:\\Python314\\python.exe" produced an output "" without a separator
[2m4893.080481900s[0m [31mERROR[0m [2mpet::jsonrpc[0m[2m:[0m Failed to resolve env "c:\\Python314\\python.exe", returning discovered env PythonEnvironment { display_name: Some("Python 3.14 (64-bit)"), name: None, executable: Some("C:\\Python314\\python.exe"), kind: Some(WindowsRegistry), version: Some("3.14.5"), prefix: Some("C:\\Python314"), manager: None, project: None, arch: Some(X64), symlinks: Some(["C:\\Python314\\python.exe"]), error: None }

2026-07-29 15:17:35.590 [info] Resolved Python Environment C:\Python314\python.exe
2026-07-29 15:17:35.621 [error] [pet] [2m4893.111360100s[0m [31mERROR[0m [2mpet_python_utils::env[0m[2m:[0m Python Execution for "C:\\Python314\\python.exe" produced an output "" without a separator
[2m4893.111397000s[0m [31mERROR[0m [2mpet::jsonrpc[0m[2m:[0m Failed to resolve env "c:\\Python314\\python.exe", returning discovered env PythonEnvironment { display_name: Some("Python 3.14 (64-bit)"), name: None, executable: Some("C:\\Python314\\python.exe"), kind: Some(WindowsRegistry), version: Some("3.14.5"), prefix: Some("C:\\Python314"), manager: None, project: None, arch: Some(X64), symlinks: Some(["C:\\Python314\\python.exe"]), error: None }

2026-07-29 15:17:35.621 [info] Resolved Python Environment C:\Python314\python.exe
2026-07-29 15:17:38.589 [info] Running: C:\Python314\python.exe -m pip list --format=json
2026-07-29 15:17:38.594 [info] Running: C:\Python314\python.exe -m pip list --format=json --not-required
2026-07-29 15:17:38.638 [info] python: Could not find platform independent libraries <prefix>

2026-07-29 15:17:38.645 [info] python: Fatal Python error: Failed to import encodings module
Python runtime state: core initialized
ModuleNotFoundError: No module named 'encodings'

2026-07-29 15:17:38.645 [info] python: 
Current thread 0x0000469c (most recent call first):
  <no Python frame>

2026-07-29 15:17:38.648 [info] python: Could not find platform independent libraries <prefix>

2026-07-29 15:17:38.649 [error] Error running pip list Failed to run python -m pip list --format=json
2026-07-29 15:17:38.649 [info] Package list retrieval attempted using pip, action can be done with uv if installed and setting `alwaysUseUv` is enabled.
2026-07-29 15:17:38.649 [error] Error refreshing packages Failed to run python -m pip list --format=json
2026-07-29 15:17:38.653 [info] python: Fatal Python error: Failed to import encodings module
Python runtime state: core initialized

2026-07-29 15:17:38.654 [info] python: ModuleNotFoundError: No module named 'encodings'

Current thread 0x00000dc4 (most recent call first):
  <no Python frame>

2026-07-29 15:17:38.658 [error] Error running pip list Failed to run python -m pip list --format=json --not-required
2026-07-29 15:17:38.658 [info] Package list retrieval attempted using pip, action can be done with uv if installed and setting `alwaysUseUv` is enabled.
2026-07-29 15:17:42.247 [error] [pet] [2m4899.737188200s[0m [33m WARN[0m [2mpet_windows_registry::environments[0m[2m:[0m Python executable (D:\5.Software Development\Python\Python312\python.exe) file not found for HKLM\Software\Python\PythonCore\3.12

2026-07-29 15:17:42.247 [info] Discovered env: C:\Users\clari\AppData\Roaming\uv\python\cpython-3.13.5-windows-x86_64-none\python.exe
2026-07-29 15:17:42.250 [error] [pet] [2m4899.740055300s[0m [33m WARN[0m [2mpet_windows_registry::environments[0m[2m:[0m Python executable (D:\5.Software Development\Python\Python312\python.exe) file not found for HKLM\Software\Python\PythonCore\3.12

2026-07-29 15:17:42.250 [info] Discovered env: D:\5.Dev\3.Runtimes\Python\Python313\python.exe
2026-07-29 15:17:42.250 [info] Discovered env: C:\Python314\python.exe
2026-07-29 15:17:42.255 [info] Discovered env: d:\5.Dev\1.Projects\3.Web\RosaCycle\venv\Scripts\python.exe
2026-07-29 15:17:42.335 [error] [pet] [2m4899.825285000s[0m [31mERROR[0m [2mpet_python_utils::env[0m[2m:[0m Python Execution for "C:\\ProgramData\\chocolatey\\bin\\python3.14.exe" produced an output "" without a separator
[2m4899.825307700s[0m [33m WARN[0m [2mpet::find[0m[2m:[0m Unknown Python Env "C:\\ProgramData\\chocolatey\\bin\\python3.14.exe"

2026-07-29 15:17:42.353 [info] Resolved environment during PET refresh: d:\5.Dev\1.Projects\3.Web\RosaCycle\venv\Scripts\python.exe
2026-07-29 15:17:42.355 [info] Found venv environment: cpython-3.13.5-windows-x86_64-none (3.13.5)
2026-07-29 15:17:42.356 [info] Found venv environment: venv (3.13.14.final.0)
2026-07-29 15:17:46.869 [info] Discovered env: C:\Users\clari\AppData\Roaming\uv\python\cpython-3.13.5-windows-x86_64-none\python.exe
2026-07-29 15:17:46.870 [info] Discovered env: D:\5.Dev\3.Runtimes\Python\Python313\python.exe
2026-07-29 15:17:46.871 [info] Discovered env: C:\Python314\python.exe
2026-07-29 15:17:46.871 [error] [pet] [2m4904.362158100s[0m [33m WARN[0m [2mpet_windows_registry::environments[0m[2m:[0m Python executable (D:\5.Software Development\Python\Python312\python.exe) file not found for HKLM\Software\Python\PythonCore\3.12

2026-07-29 15:17:46.872 [error] [pet] [2m4904.362341100s[0m [33m WARN[0m [2mpet_windows_registry::environments[0m[2m:[0m Python executable (D:\5.Software Development\Python\Python312\python.exe) file not found for HKLM\Software\Python\PythonCore\3.12

2026-07-29 15:17:46.955 [error] [pet] [2m4904.445583500s[0m [31mERROR[0m [2mpet_python_utils::env[0m[2m:[0m Python Execution for "C:\\ProgramData\\chocolatey\\bin\\python3.14.exe" produced an output "" without a separator
[2m4904.445605200s[0m [33m WARN[0m [2mpet::find[0m[2m:[0m Unknown Python Env "C:\\ProgramData\\chocolatey\\bin\\python3.14.exe"

2026-07-29 15:17:46.978 [info] Found venv environment: cpython-3.13.5-windows-x86_64-none (3.13.5)
2026-07-29 15:17:49.839 [error] [pet] [2m4907.329658900s[0m [31mERROR[0m [2mpet_python_utils::env[0m[2m:[0m Python Execution for "C:\\Python314\\python.exe" produced an output "" without a separator
[2m4907.329683900s[0m [31mERROR[0m [2mpet::jsonrpc[0m[2m:[0m Failed to resolve env "c:\\Python314\\python.exe", returning discovered env PythonEnvironment { display_name: Some("Python 3.14 (64-bit)"), name: None, executable: Some("C:\\Python314\\python.exe"), kind: Some(WindowsRegistry), version: Some("3.14.5"), prefix: Some("C:\\Python314"), manager: None, project: None, arch: Some(X64), symlinks: Some(["C:\\Python314\\python.exe"]), error: None }

2026-07-29 15:17:49.840 [info] Resolved Python Environment C:\Python314\python.exe
2026-07-29 15:17:49.871 [error] [pet] [2m4907.361567900s[0m [31mERROR[0m [2mpet_python_utils::env[0m[2m:[0m Python Execution for "C:\\Python314\\python.exe" produced an output "" without a separator
[2m4907.361596900s[0m [31mERROR[0m [2mpet::jsonrpc[0m[2m:[0m Failed to resolve env "c:\\Python314\\python.exe", returning discovered env PythonEnvironment { display_name: Some("Python 3.14 (64-bit)"), name: None, executable: Some("C:\\Python314\\python.exe"), kind: Some(WindowsRegistry), version: Some("3.14.5"), prefix: Some("C:\\Python314"), manager: None, project: None, arch: Some(X64), symlinks: Some(["C:\\Python314\\python.exe"]), error: None }

2026-07-29 15:17:49.871 [info] Resolved Python Environment C:\Python314\python.exe
2026-07-29 15:17:49.928 [error] [pet] [2m4907.418120200s[0m [31mERROR[0m [2mpet_python_utils::env[0m[2m:[0m Python Execution for "C:\\Python314\\python.exe" produced an output "" without a separator
[2m4907.418144600s[0m [31mERROR[0m [2mpet::jsonrpc[0m[2m:[0m Failed to resolve env "c:\\Python314\\python.exe", returning discovered env PythonEnvironment { display_name: Some("Python 3.14 (64-bit)"), name: None, executable: Some("C:\\Python314\\python.exe"), kind: Some(WindowsRegistry), version: Some("3.14.5"), prefix: Some("C:\\Python314"), manager: None, project: None, arch: Some(X64), symlinks: Some(["C:\\Python314\\python.exe"]), error: None }

2026-07-29 15:17:49.928 [info] Resolved Python Environment C:\Python314\python.exe
2026-07-29 15:17:49.959 [error] [pet] [2m4907.449717400s[0m [31mERROR[0m [2mpet_python_utils::env[0m[2m:[0m Python Execution for "C:\\Python314\\python.exe" produced an output "" without a separator
[2m4907.449747100s[0m [31mERROR[0m [2mpet::jsonrpc[0m[2m:[0m Failed to resolve env "c:\\Python314\\python.exe", returning discovered env PythonEnvironment { display_name: Some("Python 3.14 (64-bit)"), name: None, executable: Some("C:\\Python314\\python.exe"), kind: Some(WindowsRegistry), version: Some("3.14.5"), prefix: Some("C:\\Python314"), manager: None, project: None, arch: Some(X64), symlinks: Some(["C:\\Python314\\python.exe"]), error: None }

2026-07-29 15:17:49.960 [info] Resolved Python Environment C:\Python314\python.exe
2026-07-29 15:17:50.016 [error] [pet] [2m4907.506382200s[0m [31mERROR[0m [2mpet_python_utils::env[0m[2m:[0m Python Execution for "C:\\Python314\\python.exe" produced an output "" without a separator
[2m4907.506410100s[0m [31mERROR[0m [2mpet::jsonrpc[0m[2m:[0m Failed to resolve env "c:\\Python314\\python.exe", returning discovered env PythonEnvironment { display_name: Some("Python 3.14 (64-bit)"), name: None, executable: Some("C:\\Python314\\python.exe"), kind: Some(WindowsRegistry), version: Some("3.14.5"), prefix: Some("C:\\Python314"), manager: None, project: None, arch: Some(X64), symlinks: Some(["C:\\Python314\\python.exe"]), error: None }

2026-07-29 15:17:50.016 [info] Resolved Python Environment C:\Python314\python.exe
2026-07-29 15:17:56.586 [error] [pet] [2m4914.076196500s[0m [31mERROR[0m [2mpet_python_utils::env[0m[2m:[0m Python Execution for "C:\\Python314\\python.exe" produced an output "" without a separator
[2m4914.076221600s[0m [31mERROR[0m [2mpet::jsonrpc[0m[2m:[0m Failed to resolve env "c:\\Python314\\python.exe", returning discovered env PythonEnvironment { display_name: Some("Python 3.14 (64-bit)"), name: None, executable: Some("C:\\Python314\\python.exe"), kind: Some(WindowsRegistry), version: Some("3.14.5"), prefix: Some("C:\\Python314"), manager: None, project: None, arch: Some(X64), symlinks: Some(["C:\\Python314\\python.exe"]), error: None }

2026-07-29 15:17:56.586 [info] Resolved Python Environment C:\Python314\python.exe
2026-07-29 15:17:56.617 [error] [pet] [2m4914.107239100s[0m [31mERROR[0m [2mpet_python_utils::env[0m[2m:[0m Python Execution for "C:\\Python314\\python.exe" produced an output "" without a separator
[2m4914.107263100s[0m [31mERROR[0m [2mpet::jsonrpc[0m[2m:[0m Failed to resolve env "c:\\Python314\\python.exe", returning discovered env PythonEnvironment { display_name: Some("Python 3.14 (64-bit)"), name: None, executable: Some("C:\\Python314\\python.exe"), kind: Some(WindowsRegistry), version: Some("3.14.5"), prefix: Some("C:\\Python314"), manager: None, project: None, arch: Some(X64), symlinks: Some(["C:\\Python314\\python.exe"]), error: None }

2026-07-29 15:17:56.617 [info] Resolved Python Environment C:\Python314\python.exe
2026-07-29 15:17:56.649 [error] [pet] [2m4914.139345000s[0m [31mERROR[0m [2mpet_python_utils::env[0m[2m:[0m Python Execution for "C:\\Python314\\python.exe" produced an output "" without a separator
[2m4914.139368700s[0m [31mERROR[0m [2mpet::jsonrpc[0m[2m:[0m Failed to resolve env "c:\\Python314\\python.exe", returning discovered env PythonEnvironment { display_name: Some("Python 3.14 (64-bit)"), name: None, executable: Some("C:\\Python314\\python.exe"), kind: Some(WindowsRegistry), version: Some("3.14.5"), prefix: Some("C:\\Python314"), manager: None, project: None, arch: Some(X64), symlinks: Some(["C:\\Python314\\python.exe"]), error: None }

2026-07-29 15:17:56.649 [info] Resolved Python Environment C:\Python314\python.exe
2026-07-29 15:17:56.679 [error] [pet] [2m4914.169794100s[0m [31mERROR[0m [2mpet_python_utils::env[0m[2m:[0m Python Execution for "C:\\Python314\\python.exe" produced an output "" without a separator
[2m4914.169817300s[0m [31mERROR[0m [2mpet::jsonrpc[0m[2m:[0m Failed to resolve env "c:\\Python314\\python.exe", returning discovered env PythonEnvironment { display_name: Some("Python 3.14 (64-bit)"), name: None, executable: Some("C:\\Python314\\python.exe"), kind: Some(WindowsRegistry), version: Some("3.14.5"), prefix: Some("C:\\Python314"), manager: None, project: None, arch: Some(X64), symlinks: Some(["C:\\Python314\\python.exe"]), error: None }

2026-07-29 15:17:56.680 [info] Resolved Python Environment C:\Python314\python.exe
2026-07-29 15:17:56.711 [error] [pet] [2m4914.201583800s[0m [31mERROR[0m [2mpet_python_utils::env[0m[2m:[0m Python Execution for "C:\\Python314\\python.exe" produced an output "" without a separator
[2m4914.201610100s[0m [31mERROR[0m [2mpet::jsonrpc[0m[2m:[0m Failed to resolve env "c:\\Python314\\python.exe", returning discovered env PythonEnvironment { display_name: Some("Python 3.14 (64-bit)"), name: None, executable: Some("C:\\Python314\\python.exe"), kind: Some(WindowsRegistry), version: Some("3.14.5"), prefix: Some("C:\\Python314"), manager: None, project: None, arch: Some(X64), symlinks: Some(["C:\\Python314\\python.exe"]), error: None }

2026-07-29 15:17:56.711 [info] Resolved Python Environment C:\Python314\python.exe
2026-07-29 15:18:07.092 [error] [pet] [2m4924.582790300s[0m [31mERROR[0m [2mpet_python_utils::env[0m[2m:[0m Python Execution for "C:\\Python314\\python.exe" produced an output "" without a separator
[2m4924.582816200s[0m [31mERROR[0m [2mpet::jsonrpc[0m[2m:[0m Failed to resolve env "c:\\Python314\\python.exe", returning discovered env PythonEnvironment { display_name: Some("Python 3.14 (64-bit)"), name: None, executable: Some("C:\\Python314\\python.exe"), kind: Some(WindowsRegistry), version: Some("3.14.5"), prefix: Some("C:\\Python314"), manager: None, project: None, arch: Some(X64), symlinks: Some(["C:\\Python314\\python.exe"]), error: None }

2026-07-29 15:18:07.093 [info] Resolved Python Environment C:\Python314\python.exe
2026-07-29 15:18:07.149 [error] [pet] [2m4924.639397600s[0m [31mERROR[0m [2mpet_python_utils::env[0m[2m:[0m Python Execution for "C:\\Python314\\python.exe" produced an output "" without a separator
[2m4924.639422100s[0m [31mERROR[0m [2mpet::jsonrpc[0m[2m:[0m Failed to resolve env "c:\\Python314\\python.exe", returning discovered env PythonEnvironment { display_name: Some("Python 3.14 (64-bit)"), name: None, executable: Some("C:\\Python314\\python.exe"), kind: Some(WindowsRegistry), version: Some("3.14.5"), prefix: Some("C:\\Python314"), manager: None, project: None, arch: Some(X64), symlinks: Some(["C:\\Python314\\python.exe"]), error: None }

2026-07-29 15:18:07.149 [info] Resolved Python Environment C:\Python314\python.exe
2026-07-29 15:18:07.179 [error] [pet] [2m4924.669896400s[0m [31mERROR[0m [2mpet_python_utils::env[0m[2m:[0m Python Execution for "C:\\Python314\\python.exe" produced an output "" without a separator
[2m4924.669922300s[0m [31mERROR[0m [2mpet::jsonrpc[0m[2m:[0m Failed to resolve env "c:\\Python314\\python.exe", returning discovered env PythonEnvironment { display_name: Some("Python 3.14 (64-bit)"), name: None, executable: Some("C:\\Python314\\python.exe"), kind: Some(WindowsRegistry), version: Some("3.14.5"), prefix: Some("C:\\Python314"), manager: None, project: None, arch: Some(X64), symlinks: Some(["C:\\Python314\\python.exe"]), error: None }

2026-07-29 15:18:07.180 [info] Resolved Python Environment C:\Python314\python.exe
2026-07-29 15:18:07.210 [error] [pet] [2m4924.700145200s[0m [31mERROR[0m [2mpet_python_utils::env[0m[2m:[0m Python Execution for "C:\\Python314\\python.exe" produced an output "" without a separator
[2m4924.700168800s[0m [31mERROR[0m [2mpet::jsonrpc[0m[2m:[0m Failed to resolve env "c:\\Python314\\python.exe", returning discovered env PythonEnvironment { display_name: Some("Python 3.14 (64-bit)"), name: None, executable: Some("C:\\Python314\\python.exe"), kind: Some(WindowsRegistry), version: Some("3.14.5"), prefix: Some("C:\\Python314"), manager: None, project: None, arch: Some(X64), symlinks: Some(["C:\\Python314\\python.exe"]), error: None }

2026-07-29 15:18:07.210 [info] Resolved Python Environment C:\Python314\python.exe
2026-07-29 15:18:07.241 [error] [pet] [2m4924.731082500s[0m [31mERROR[0m [2mpet_python_utils::env[0m[2m:[0m Python Execution for "C:\\Python314\\python.exe" produced an output "" without a separator
[2m4924.731113500s[0m [31mERROR[0m [2mpet::jsonrpc[0m[2m:[0m Failed to resolve env "c:\\Python314\\python.exe", returning discovered env PythonEnvironment { display_name: Some("Python 3.14 (64-bit)"), name: None, executable: Some("C:\\Python314\\python.exe"), kind: Some(WindowsRegistry), version: Some("3.14.5"), prefix: Some("C:\\Python314"), manager: None, project: None, arch: Some(X64), symlinks: Some(["C:\\Python314\\python.exe"]), error: None }

2026-07-29 15:18:07.241 [info] Resolved Python Environment C:\Python314\python.exe
2026-07-29 15:18:10.165 [info] Running: C:\Python314\python.exe -m pip list --format=json
2026-07-29 15:18:10.169 [info] Running: C:\Python314\python.exe -m pip list --format=json --not-required
2026-07-29 15:18:10.206 [info] python: Could not find platform independent libraries <prefix>

2026-07-29 15:18:10.208 [info] python: Could not find platform independent libraries <prefix>

2026-07-29 15:18:10.210 [info] python: Fatal Python error: Failed to import encodings module
Python runtime state: core initialized

2026-07-29 15:18:10.210 [info] python: ModuleNotFoundError: No module named 'encodings'

Current thread 0x000047b4 (most recent call first):
  <no Python frame>

2026-07-29 15:18:10.212 [info] python: Fatal Python error: Failed to import encodings module
Python runtime state: core initialized

2026-07-29 15:18:10.212 [info] python: ModuleNotFoundError: No module named 'encodings'

Current thread 0x000019f8 (most recent call first):
  <no Python frame>

2026-07-29 15:18:10.216 [error] Error running pip list Failed to run python -m pip list --format=json --not-required
2026-07-29 15:18:10.217 [info] Package list retrieval attempted using pip, action can be done with uv if installed and setting `alwaysUseUv` is enabled.
2026-07-29 15:18:10.218 [error] Error running pip list Failed to run python -m pip list --format=json
2026-07-29 15:18:10.218 [info] Package list retrieval attempted using pip, action can be done with uv if installed and setting `alwaysUseUv` is enabled.
2026-07-29 15:18:10.218 [error] Error refreshing packages Failed to run python -m pip list --format=json
2026-07-29 15:18:13.467 [info] Discovered env: D:\5.Dev\3.Runtimes\Python\Python313\python.exe
2026-07-29 15:18:13.467 [info] Discovered env: C:\Users\clari\AppData\Roaming\uv\python\cpython-3.13.5-windows-x86_64-none\python.exe
2026-07-29 15:18:13.467 [info] Discovered env: C:\Python314\python.exe
2026-07-29 15:18:13.468 [error] [pet] [2m4930.958402100s[0m [33m WARN[0m [2mpet_windows_registry::environments[0m[2m:[0m Python executable (D:\5.Software Development\Python\Python312\python.exe) file not found for HKLM\Software\Python\PythonCore\3.12

2026-07-29 15:18:13.469 [error] [pet] [2m4930.959989800s[0m [33m WARN[0m [2mpet_windows_registry::environments[0m[2m:[0m Python executable (D:\5.Software Development\Python\Python312\python.exe) file not found for HKLM\Software\Python\PythonCore\3.12

2026-07-29 15:18:13.549 [error] [pet] [2m4931.039712400s[0m [31mERROR[0m [2mpet_python_utils::env[0m[2m:[0m Python Execution for "C:\\ProgramData\\chocolatey\\bin\\python3.14.exe" produced an output "" without a separator
[2m4931.039741900s[0m [33m WARN[0m [2mpet::find[0m[2m:[0m Unknown Python Env "C:\\ProgramData\\chocolatey\\bin\\python3.14.exe"

2026-07-29 15:18:13.560 [info] Found venv environment: cpython-3.13.5-windows-x86_64-none (3.13.5)
2026-07-29 15:18:26.098 [error] [pet] [2m4943.588221000s[0m [31mERROR[0m [2mpet_python_utils::env[0m[2m:[0m Python Execution for "C:\\Python314\\python.exe" produced an output "" without a separator
[2m4943.588253400s[0m [31mERROR[0m [2mpet::jsonrpc[0m[2m:[0m Failed to resolve env "c:\\Python314\\python.exe", returning discovered env PythonEnvironment { display_name: Some("Python 3.14 (64-bit)"), name: None, executable: Some("C:\\Python314\\python.exe"), kind: Some(WindowsRegistry), version: Some("3.14.5"), prefix: Some("C:\\Python314"), manager: None, project: None, arch: Some(X64), symlinks: Some(["C:\\Python314\\python.exe"]), error: None }

2026-07-29 15:18:26.098 [info] Resolved Python Environment C:\Python314\python.exe
2026-07-29 15:18:26.155 [error] [pet] [2m4943.645103000s[0m [31mERROR[0m [2mpet_python_utils::env[0m[2m:[0m Python Execution for "C:\\Python314\\python.exe" produced an output "" without a separator
[2m4943.645134300s[0m [31mERROR[0m [2mpet::jsonrpc[0m[2m:[0m Failed to resolve env "c:\\Python314\\python.exe", returning discovered env PythonEnvironment { display_name: Some("Python 3.14 (64-bit)"), name: None, executable: Some("C:\\Python314\\python.exe"), kind: Some(WindowsRegistry), version: Some("3.14.5"), prefix: Some("C:\\Python314"), manager: None, project: None, arch: Some(X64), symlinks: Some(["C:\\Python314\\python.exe"]), error: None }

2026-07-29 15:18:26.155 [info] Resolved Python Environment C:\Python314\python.exe
2026-07-29 15:18:26.186 [error] [pet] [2m4943.676317100s[0m [31mERROR[0m [2mpet_python_utils::env[0m[2m:[0m Python Execution for "C:\\Python314\\python.exe" produced an output "" without a separator
[2m4943.676341400s[0m [31mERROR[0m [2mpet::jsonrpc[0m[2m:[0m Failed to resolve env "c:\\Python314\\python.exe", returning discovered env PythonEnvironment { display_name: Some("Python 3.14 (64-bit)"), name: None, executable: Some("C:\\Python314\\python.exe"), kind: Some(WindowsRegistry), version: Some("3.14.5"), prefix: Some("C:\\Python314"), manager: None, project: None, arch: Some(X64), symlinks: Some(["C:\\Python314\\python.exe"]), error: None }

2026-07-29 15:18:26.186 [info] Resolved Python Environment C:\Python314\python.exe
2026-07-29 15:18:26.241 [error] [pet] [2m4943.731785600s[0m [31mERROR[0m [2mpet_python_utils::env[0m[2m:[0m Python Execution for "C:\\Python314\\python.exe" produced an output "" without a separator
[2m4943.731810100s[0m [31mERROR[0m [2mpet::jsonrpc[0m[2m:[0m Failed to resolve env "c:\\Python314\\python.exe", returning discovered env PythonEnvironment { display_name: Some("Python 3.14 (64-bit)"), name: None, executable: Some("C:\\Python314\\python.exe"), kind: Some(WindowsRegistry), version: Some("3.14.5"), prefix: Some("C:\\Python314"), manager: None, project: None, arch: Some(X64), symlinks: Some(["C:\\Python314\\python.exe"]), error: None }

2026-07-29 15:18:26.242 [info] Resolved Python Environment C:\Python314\python.exe
2026-07-29 15:18:26.272 [error] [pet] [2m4943.762650200s[0m [31mERROR[0m [2mpet_python_utils::env[0m[2m:[0m Python Execution for "C:\\Python314\\python.exe" produced an output "" without a separator
[2m4943.762675400s[0m [31mERROR[0m [2mpet::jsonrpc[0m[2m:[0m Failed to resolve env "c:\\Python314\\python.exe", returning discovered env PythonEnvironment { display_name: Some("Python 3.14 (64-bit)"), name: None, executable: Some("C:\\Python314\\python.exe"), kind: Some(WindowsRegistry), version: Some("3.14.5"), prefix: Some("C:\\Python314"), manager: None, project: None, arch: Some(X64), symlinks: Some(["C:\\Python314\\python.exe"]), error: None }

2026-07-29 15:18:26.272 [info] Resolved Python Environment C:\Python314\python.exe
2026-07-29 15:18:30.075 [error] [pet] [2m4947.565906500s[0m [31mERROR[0m [2mpet_python_utils::env[0m[2m:[0m Python Execution for "C:\\Python314\\python.exe" produced an output "" without a separator
[2m4947.565931600s[0m [31mERROR[0m [2mpet::jsonrpc[0m[2m:[0m Failed to resolve env "c:\\Python314\\python.exe", returning discovered env PythonEnvironment { display_name: Some("Python 3.14 (64-bit)"), name: None, executable: Some("C:\\Python314\\python.exe"), kind: Some(WindowsRegistry), version: Some("3.14.5"), prefix: Some("C:\\Python314"), manager: None, project: None, arch: Some(X64), symlinks: Some(["C:\\Python314\\python.exe"]), error: None }

2026-07-29 15:18:30.076 [info] Resolved Python Environment C:\Python314\python.exe
2026-07-29 15:18:30.106 [error] [pet] [2m4947.596102000s[0m [31mERROR[0m [2mpet_python_utils::env[0m[2m:[0m Python Execution for "C:\\Python314\\python.exe" produced an output "" without a separator
[2m4947.596128400s[0m [31mERROR[0m [2mpet::jsonrpc[0m[2m:[0m Failed to resolve env "c:\\Python314\\python.exe", returning discovered env PythonEnvironment { display_name: Some("Python 3.14 (64-bit)"), name: None, executable: Some("C:\\Python314\\python.exe"), kind: Some(WindowsRegistry), version: Some("3.14.5"), prefix: Some("C:\\Python314"), manager: None, project: None, arch: Some(X64), symlinks: Some(["C:\\Python314\\python.exe"]), error: None }

2026-07-29 15:18:30.106 [info] Resolved Python Environment C:\Python314\python.exe
2026-07-29 15:18:30.137 [error] [pet] [2m4947.627216700s[0m [31mERROR[0m [2mpet_python_utils::env[0m[2m:[0m Python Execution for "C:\\Python314\\python.exe" produced an output "" without a separator
[2m4947.627240600s[0m [31mERROR[0m [2mpet::jsonrpc[0m[2m:[0m Failed to resolve env "c:\\Python314\\python.exe", returning discovered env PythonEnvironment { display_name: Some("Python 3.14 (64-bit)"), name: None, executable: Some("C:\\Python314\\python.exe"), kind: Some(WindowsRegistry), version: Some("3.14.5"), prefix: Some("C:\\Python314"), manager: None, project: None, arch: Some(X64), symlinks: Some(["C:\\Python314\\python.exe"]), error: None }

2026-07-29 15:18:30.137 [info] Resolved Python Environment C:\Python314\python.exe
2026-07-29 15:18:30.192 [error] [pet] [2m4947.682919900s[0m [31mERROR[0m [2mpet_python_utils::env[0m[2m:[0m Python Execution for "C:\\Python314\\python.exe" produced an output "" without a separator
[2m4947.682942700s[0m [31mERROR[0m [2mpet::jsonrpc[0m[2m:[0m Failed to resolve env "c:\\Python314\\python.exe", returning discovered env PythonEnvironment { display_name: Some("Python 3.14 (64-bit)"), name: None, executable: Some("C:\\Python314\\python.exe"), kind: Some(WindowsRegistry), version: Some("3.14.5"), prefix: Some("C:\\Python314"), manager: None, project: None, arch: Some(X64), symlinks: Some(["C:\\Python314\\python.exe"]), error: None }

2026-07-29 15:18:30.193 [info] Resolved Python Environment C:\Python314\python.exe
2026-07-29 15:18:30.249 [error] [pet] [2m4947.739272100s[0m [31mERROR[0m [2mpet_python_utils::env[0m[2m:[0m Python Execution for "C:\\Python314\\python.exe" produced an output "" without a separator
[2m4947.739301600s[0m [31mERROR[0m [2mpet::jsonrpc[0m[2m:[0m Failed to resolve env "c:\\Python314\\python.exe", returning discovered env PythonEnvironment { display_name: Some("Python 3.14 (64-bit)"), name: None, executable: Some("C:\\Python314\\python.exe"), kind: Some(WindowsRegistry), version: Some("3.14.5"), prefix: Some("C:\\Python314"), manager: None, project: None, arch: Some(X64), symlinks: Some(["C:\\Python314\\python.exe"]), error: None }

2026-07-29 15:18:30.249 [info] Resolved Python Environment C:\Python314\python.exe
2026-07-29 15:18:39.159 [error] [pet] [2m4956.650018400s[0m [31mERROR[0m [2mpet_python_utils::env[0m[2m:[0m Python Execution for "C:\\Python314\\python.exe" produced an output "" without a separator
[2m4956.650041600s[0m [31mERROR[0m [2mpet::jsonrpc[0m[2m:[0m Failed to resolve env "c:\\Python314\\python.exe", returning discovered env PythonEnvironment { display_name: Some("Python 3.14 (64-bit)"), name: None, executable: Some("C:\\Python314\\python.exe"), kind: Some(WindowsRegistry), version: Some("3.14.5"), prefix: Some("C:\\Python314"), manager: None, project: None, arch: Some(X64), symlinks: Some(["C:\\Python314\\python.exe"]), error: None }

2026-07-29 15:18:39.160 [info] Resolved Python Environment C:\Python314\python.exe
2026-07-29 15:18:39.191 [error] [pet] [2m4956.681452400s[0m [31mERROR[0m [2mpet_python_utils::env[0m[2m:[0m Python Execution for "C:\\Python314\\python.exe" produced an output "" without a separator
[2m4956.681480300s[0m [31mERROR[0m [2mpet::jsonrpc[0m[2m:[0m Failed to resolve env "c:\\Python314\\python.exe", returning discovered env PythonEnvironment { display_name: Some("Python 3.14 (64-bit)"), name: None, executable: Some("C:\\Python314\\python.exe"), kind: Some(WindowsRegistry), version: Some("3.14.5"), prefix: Some("C:\\Python314"), manager: None, project: None, arch: Some(X64), symlinks: Some(["C:\\Python314\\python.exe"]), error: None }

2026-07-29 15:18:39.191 [info] Resolved Python Environment C:\Python314\python.exe
2026-07-29 15:18:39.249 [error] [pet] [2m4956.739369600s[0m [31mERROR[0m [2mpet_python_utils::env[0m[2m:[0m Python Execution for "C:\\Python314\\python.exe" produced an output "" without a separator
[2m4956.739394900s[0m [31mERROR[0m [2mpet::jsonrpc[0m[2m:[0m Failed to resolve env "c:\\Python314\\python.exe", returning discovered env PythonEnvironment { display_name: Some("Python 3.14 (64-bit)"), name: None, executable: Some("C:\\Python314\\python.exe"), kind: Some(WindowsRegistry), version: Some("3.14.5"), prefix: Some("C:\\Python314"), manager: None, project: None, arch: Some(X64), symlinks: Some(["C:\\Python314\\python.exe"]), error: None }

2026-07-29 15:18:39.249 [info] Resolved Python Environment C:\Python314\python.exe
2026-07-29 15:18:39.304 [error] [pet] [2m4956.795091500s[0m [31mERROR[0m [2mpet_python_utils::env[0m[2m:[0m Python Execution for "C:\\Python314\\python.exe" produced an output "" without a separator
[2m4956.795127700s[0m [31mERROR[0m [2mpet::jsonrpc[0m[2m:[0m Failed to resolve env "c:\\Python314\\python.exe", returning discovered env PythonEnvironment { display_name: Some("Python 3.14 (64-bit)"), name: None, executable: Some("C:\\Python314\\python.exe"), kind: Some(WindowsRegistry), version: Some("3.14.5"), prefix: Some("C:\\Python314"), manager: None, project: None, arch: Some(X64), symlinks: Some(["C:\\Python314\\python.exe"]), error: None }

2026-07-29 15:18:39.305 [info] Resolved Python Environment C:\Python314\python.exe
2026-07-29 15:18:39.336 [error] [pet] [2m4956.826319000s[0m [31mERROR[0m [2mpet_python_utils::env[0m[2m:[0m Python Execution for "C:\\Python314\\python.exe" produced an output "" without a separator
[2m4956.826344000s[0m [31mERROR[0m [2mpet::jsonrpc[0m[2m:[0m Failed to resolve env "c:\\Python314\\python.exe", returning discovered env PythonEnvironment { display_name: Some("Python 3.14 (64-bit)"), name: None, executable: Some("C:\\Python314\\python.exe"), kind: Some(WindowsRegistry), version: Some("3.14.5"), prefix: Some("C:\\Python314"), manager: None, project: None, arch: Some(X64), symlinks: Some(["C:\\Python314\\python.exe"]), error: None }

2026-07-29 15:18:39.336 [info] Resolved Python Environment C:\Python314\python.exe
2026-07-29 15:18:42.850 [error] [pet] [2m4960.340253600s[0m [31mERROR[0m [2mpet_python_utils::env[0m[2m:[0m Python Execution for "C:\\Python314\\python.exe" produced an output "" without a separator
[2m4960.340278900s[0m [31mERROR[0m [2mpet::jsonrpc[0m[2m:[0m Failed to resolve env "c:\\Python314\\python.exe", returning discovered env PythonEnvironment { display_name: Some("Python 3.14 (64-bit)"), name: None, executable: Some("C:\\Python314\\python.exe"), kind: Some(WindowsRegistry), version: Some("3.14.5"), prefix: Some("C:\\Python314"), manager: None, project: None, arch: Some(X64), symlinks: Some(["C:\\Python314\\python.exe"]), error: None }

2026-07-29 15:18:42.850 [info] Resolved Python Environment C:\Python314\python.exe
2026-07-29 15:18:42.881 [error] [pet] [2m4960.371659000s[0m [31mERROR[0m [2mpet_python_utils::env[0m[2m:[0m Python Execution for "C:\\Python314\\python.exe" produced an output "" without a separator
[2m4960.371693200s[0m [31mERROR[0m [2mpet::jsonrpc[0m[2m:[0m Failed to resolve env "c:\\Python314\\python.exe", returning discovered env PythonEnvironment { display_name: Some("Python 3.14 (64-bit)"), name: None, executable: Some("C:\\Python314\\python.exe"), kind: Some(WindowsRegistry), version: Some("3.14.5"), prefix: Some("C:\\Python314"), manager: None, project: None, arch: Some(X64), symlinks: Some(["C:\\Python314\\python.exe"]), error: None }

2026-07-29 15:18:42.881 [info] Resolved Python Environment C:\Python314\python.exe
2026-07-29 15:18:42.917 [error] [pet] [2m4960.407903300s[0m [31mERROR[0m [2mpet_python_utils::env[0m[2m:[0m Python Execution for "C:\\Python314\\python.exe" produced an output "" without a separator
[2m4960.407932900s[0m [31mERROR[0m [2mpet::jsonrpc[0m[2m:[0m Failed to resolve env "c:\\Python314\\python.exe", returning discovered env PythonEnvironment { display_name: Some("Python 3.14 (64-bit)"), name: None, executable: Some("C:\\Python314\\python.exe"), kind: Some(WindowsRegistry), version: Some("3.14.5"), prefix: Some("C:\\Python314"), manager: None, project: None, arch: Some(X64), symlinks: Some(["C:\\Python314\\python.exe"]), error: None }

2026-07-29 15:18:42.918 [info] Resolved Python Environment C:\Python314\python.exe
2026-07-29 15:18:42.948 [error] [pet] [2m4960.438836600s[0m [31mERROR[0m [2mpet_python_utils::env[0m[2m:[0m Python Execution for "C:\\Python314\\python.exe" produced an output "" without a separator
[2m4960.438862200s[0m [31mERROR[0m [2mpet::jsonrpc[0m[2m:[0m Failed to resolve env "c:\\Python314\\python.exe", returning discovered env PythonEnvironment { display_name: Some("Python 3.14 (64-bit)"), name: None, executable: Some("C:\\Python314\\python.exe"), kind: Some(WindowsRegistry), version: Some("3.14.5"), prefix: Some("C:\\Python314"), manager: None, project: None, arch: Some(X64), symlinks: Some(["C:\\Python314\\python.exe"]), error: None }

2026-07-29 15:18:42.949 [info] Resolved Python Environment C:\Python314\python.exe
2026-07-29 15:18:42.983 [error] [pet] [2m4960.473136300s[0m [31mERROR[0m [2mpet_python_utils::env[0m[2m:[0m Python Execution for "C:\\Python314\\python.exe" produced an output "" without a separator
[2m4960.473172300s[0m [31mERROR[0m [2mpet::jsonrpc[0m[2m:[0m Failed to resolve env "c:\\Python314\\python.exe", returning discovered env PythonEnvironment { display_name: Some("Python 3.14 (64-bit)"), name: None, executable: Some("C:\\Python314\\python.exe"), kind: Some(WindowsRegistry), version: Some("3.14.5"), prefix: Some("C:\\Python314"), manager: None, project: None, arch: Some(X64), symlinks: Some(["C:\\Python314\\python.exe"]), error: None }

2026-07-29 15:18:42.983 [info] Resolved Python Environment C:\Python314\python.exe
2026-07-29 15:19:26.573 [error] [pet] [2m5004.063072400s[0m [31mERROR[0m [2mpet_python_utils::env[0m[2m:[0m Python Execution for "C:\\Python314\\python.exe" produced an output "" without a separator
[2m5004.063101700s[0m [31mERROR[0m [2mpet::jsonrpc[0m[2m:[0m Failed to resolve env "c:\\Python314\\python.exe", returning discovered env PythonEnvironment { display_name: Some("Python 3.14 (64-bit)"), name: None, executable: Some("C:\\Python314\\python.exe"), kind: Some(WindowsRegistry), version: Some("3.14.5"), prefix: Some("C:\\Python314"), manager: None, project: None, arch: Some(X64), symlinks: Some(["C:\\Python314\\python.exe"]), error: None }

2026-07-29 15:19:26.573 [info] Resolved Python Environment C:\Python314\python.exe
2026-07-29 15:19:26.628 [error] [pet] [2m5004.118915000s[0m [31mERROR[0m [2mpet_python_utils::env[0m[2m:[0m Python Execution for "C:\\Python314\\python.exe" produced an output "" without a separator
[2m5004.118939500s[0m [31mERROR[0m [2mpet::jsonrpc[0m[2m:[0m Failed to resolve env "c:\\Python314\\python.exe", returning discovered env PythonEnvironment { display_name: Some("Python 3.14 (64-bit)"), name: None, executable: Some("C:\\Python314\\python.exe"), kind: Some(WindowsRegistry), version: Some("3.14.5"), prefix: Some("C:\\Python314"), manager: None, project: None, arch: Some(X64), symlinks: Some(["C:\\Python314\\python.exe"]), error: None }

2026-07-29 15:19:26.629 [info] Resolved Python Environment C:\Python314\python.exe
2026-07-29 15:19:26.660 [error] [pet] [2m5004.150465400s[0m [31mERROR[0m [2mpet_python_utils::env[0m[2m:[0m Python Execution for "C:\\Python314\\python.exe" produced an output "" without a separator
[2m5004.150493200s[0m [31mERROR[0m [2mpet::jsonrpc[0m[2m:[0m Failed to resolve env "c:\\Python314\\python.exe", returning discovered env PythonEnvironment { display_name: Some("Python 3.14 (64-bit)"), name: None, executable: Some("C:\\Python314\\python.exe"), kind: Some(WindowsRegistry), version: Some("3.14.5"), prefix: Some("C:\\Python314"), manager: None, project: None, arch: Some(X64), symlinks: Some(["C:\\Python314\\python.exe"]), error: None }

2026-07-29 15:19:26.660 [info] Resolved Python Environment C:\Python314\python.exe
2026-07-29 15:19:26.691 [error] [pet] [2m5004.181138200s[0m [31mERROR[0m [2mpet_python_utils::env[0m[2m:[0m Python Execution for "C:\\Python314\\python.exe" produced an output "" without a separator
[2m5004.181163300s[0m [31mERROR[0m [2mpet::jsonrpc[0m[2m:[0m Failed to resolve env "c:\\Python314\\python.exe", returning discovered env PythonEnvironment { display_name: Some("Python 3.14 (64-bit)"), name: None, executable: Some("C:\\Python314\\python.exe"), kind: Some(WindowsRegistry), version: Some("3.14.5"), prefix: Some("C:\\Python314"), manager: None, project: None, arch: Some(X64), symlinks: Some(["C:\\Python314\\python.exe"]), error: None }

2026-07-29 15:19:26.691 [info] Resolved Python Environment C:\Python314\python.exe
2026-07-29 15:19:26.747 [error] [pet] [2m5004.237509200s[0m [31mERROR[0m [2mpet_python_utils::env[0m[2m:[0m Python Execution for "C:\\Python314\\python.exe" produced an output "" without a separator
[2m5004.237536200s[0m [31mERROR[0m [2mpet::jsonrpc[0m[2m:[0m Failed to resolve env "c:\\Python314\\python.exe", returning discovered env PythonEnvironment { display_name: Some("Python 3.14 (64-bit)"), name: None, executable: Some("C:\\Python314\\python.exe"), kind: Some(WindowsRegistry), version: Some("3.14.5"), prefix: Some("C:\\Python314"), manager: None, project: None, arch: Some(X64), symlinks: Some(["C:\\Python314\\python.exe"]), error: None }

2026-07-29 15:19:26.747 [info] Resolved Python Environment C:\Python314\python.exe
2026-07-29 15:19:49.045 [error] [pet] [2m5026.535250100s[0m [31mERROR[0m [2mpet_python_utils::env[0m[2m:[0m Python Execution for "C:\\Python314\\python.exe" produced an output "" without a separator
[2m5026.535282700s[0m [31mERROR[0m [2mpet::jsonrpc[0m[2m:[0m Failed to resolve env "c:\\Python314\\python.exe", returning discovered env PythonEnvironment { display_name: Some("Python 3.14 (64-bit)"), name: None, executable: Some("C:\\Python314\\python.exe"), kind: Some(WindowsRegistry), version: Some("3.14.5"), prefix: Some("C:\\Python314"), manager: None, project: None, arch: Some(X64), symlinks: Some(["C:\\Python314\\python.exe"]), error: None }

2026-07-29 15:19:49.045 [info] Resolved Python Environment C:\Python314\python.exe
2026-07-29 15:19:49.100 [error] [pet] [2m5026.590818800s[0m [31mERROR[0m [2mpet_python_utils::env[0m[2m:[0m Python Execution for "C:\\Python314\\python.exe" produced an output "" without a separator
[2m5026.590867600s[0m [31mERROR[0m [2mpet::jsonrpc[0m[2m:[0m Failed to resolve env "c:\\Python314\\python.exe", returning discovered env PythonEnvironment { display_name: Some("Python 3.14 (64-bit)"), name: None, executable: Some("C:\\Python314\\python.exe"), kind: Some(WindowsRegistry), version: Some("3.14.5"), prefix: Some("C:\\Python314"), manager: None, project: None, arch: Some(X64), symlinks: Some(["C:\\Python314\\python.exe"]), error: None }

2026-07-29 15:19:49.101 [info] Resolved Python Environment C:\Python314\python.exe
2026-07-29 15:19:49.159 [error] [pet] [2m5026.649899100s[0m [31mERROR[0m [2mpet_python_utils::env[0m[2m:[0m Python Execution for "C:\\Python314\\python.exe" produced an output "" without a separator
[2m5026.649930600s[0m [31mERROR[0m [2mpet::jsonrpc[0m[2m:[0m Failed to resolve env "c:\\Python314\\python.exe", returning discovered env PythonEnvironment { display_name: Some("Python 3.14 (64-bit)"), name: None, executable: Some("C:\\Python314\\python.exe"), kind: Some(WindowsRegistry), version: Some("3.14.5"), prefix: Some("C:\\Python314"), manager: None, project: None, arch: Some(X64), symlinks: Some(["C:\\Python314\\python.exe"]), error: None }

2026-07-29 15:19:49.160 [info] Resolved Python Environment C:\Python314\python.exe
2026-07-29 15:19:49.190 [error] [pet] [2m5026.680658600s[0m [31mERROR[0m [2mpet_python_utils::env[0m[2m:[0m Python Execution for "C:\\Python314\\python.exe" produced an output "" without a separator
[2m5026.680687600s[0m [31mERROR[0m [2mpet::jsonrpc[0m[2m:[0m Failed to resolve env "c:\\Python314\\python.exe", returning discovered env PythonEnvironment { display_name: Some("Python 3.14 (64-bit)"), name: None, executable: Some("C:\\Python314\\python.exe"), kind: Some(WindowsRegistry), version: Some("3.14.5"), prefix: Some("C:\\Python314"), manager: None, project: None, arch: Some(X64), symlinks: Some(["C:\\Python314\\python.exe"]), error: None }

2026-07-29 15:19:49.191 [info] Resolved Python Environment C:\Python314\python.exe
2026-07-29 15:19:49.221 [error] [pet] [2m5026.711077200s[0m [31mERROR[0m [2mpet_python_utils::env[0m[2m:[0m Python Execution for "C:\\Python314\\python.exe" produced an output "" without a separator
[2m5026.711114700s[0m [31mERROR[0m [2mpet::jsonrpc[0m[2m:[0m Failed to resolve env "c:\\Python314\\python.exe", returning discovered env PythonEnvironment { display_name: Some("Python 3.14 (64-bit)"), name: None, executable: Some("C:\\Python314\\python.exe"), kind: Some(WindowsRegistry), version: Some("3.14.5"), prefix: Some("C:\\Python314"), manager: None, project: None, arch: Some(X64), symlinks: Some(["C:\\Python314\\python.exe"]), error: None }

2026-07-29 15:19:49.221 [info] Resolved Python Environment C:\Python314\python.exe
2026-07-29 15:20:11.249 [info] Running: C:\Python314\python.exe -m pip list --format=json
2026-07-29 15:20:11.252 [info] Running: C:\Python314\python.exe -m pip list --format=json --not-required
2026-07-29 15:20:11.277 [info] python: Could not find platform independent libraries <prefix>

2026-07-29 15:20:11.281 [info] python: Fatal Python error: Failed to import encodings module
Python runtime state: core initialized

2026-07-29 15:20:11.281 [info] python: ModuleNotFoundError: No module named 'encodings'

Current thread 0x00004418 (most recent call first):
  <no Python frame>

2026-07-29 15:20:11.281 [info] python: Could not find platform independent libraries <prefix>

2026-07-29 15:20:11.284 [error] Error running pip list Failed to run python -m pip list --format=json
2026-07-29 15:20:11.284 [info] Package list retrieval attempted using pip, action can be done with uv if installed and setting `alwaysUseUv` is enabled.
2026-07-29 15:20:11.284 [error] Error refreshing packages Failed to run python -m pip list --format=json
2026-07-29 15:20:11.285 [info] python: Fatal Python error: Failed to import encodings module
Python runtime state: core initialized
ModuleNotFoundError: No module named 'encodings'

Current thread 0x000030e0 (most recent call first):
  <no Python frame>

2026-07-29 15:20:11.288 [error] Error running pip list Failed to run python -m pip list --format=json --not-required
2026-07-29 15:20:11.288 [info] Package list retrieval attempted using pip, action can be done with uv if installed and setting `alwaysUseUv` is enabled.
2026-07-29 15:20:11.765 [info] Running: C:\Python314\python.exe -m pip list --format=json
2026-07-29 15:20:11.769 [info] Running: C:\Python314\python.exe -m pip list --format=json --not-required
2026-07-29 15:20:11.799 [info] python: Could not find platform independent libraries <prefix>

2026-07-29 15:20:11.801 [info] python: Could not find platform independent libraries <prefix>

2026-07-29 15:20:11.802 [info] python: Fatal Python error: Failed to import encodings module
Python runtime state: core initialized

2026-07-29 15:20:11.802 [info] python: ModuleNotFoundError: No module named 'encodings'

Current thread 0x00000b04
2026-07-29 15:20:11.802 [info] python:  (most recent call first):
  <no Python frame>

2026-07-29 15:20:11.804 [info] python: Fatal Python error: Failed to import encodings module
Python runtime state: core initialized

2026-07-29 15:20:11.805 [info] python: ModuleNotFoundError: No module named 'encodings'

Current thread 0x00004a60 (most recent call first):
  <no Python frame>

2026-07-29 15:20:11.805 [error] Error running pip list Failed to run python -m pip list --format=json --not-required
2026-07-29 15:20:11.805 [info] Package list retrieval attempted using pip, action can be done with uv if installed and setting `alwaysUseUv` is enabled.
2026-07-29 15:20:11.807 [error] Error running pip list Failed to run python -m pip list --format=json
2026-07-29 15:20:11.807 [info] Package list retrieval attempted using pip, action can be done with uv if installed and setting `alwaysUseUv` is enabled.
2026-07-29 15:20:11.808 [error] Error refreshing packages Failed to run python -m pip list --format=json
2026-07-29 15:20:12.437 [info] Running: C:\Python314\python.exe -m pip list --format=json
2026-07-29 15:20:12.441 [info] Running: C:\Python314\python.exe -m pip list --format=json --not-required
2026-07-29 15:20:12.466 [info] python: Could not find platform independent libraries <prefix>

2026-07-29 15:20:12.468 [info] python: Could not find platform independent libraries <prefix>

2026-07-29 15:20:12.469 [info] python: Fatal Python error: Failed to import encodings module
Python runtime state: core initialized

2026-07-29 15:20:12.469 [info] python: ModuleNotFoundError: No module named 'encodings'

Current thread 0x0000393c (most recent call first):
  <no Python frame>

2026-07-29 15:20:12.472 [error] Error running pip list Failed to run python -m pip list --format=json
2026-07-29 15:20:12.472 [info] Package list retrieval attempted using pip, action can be done with uv if installed and setting `alwaysUseUv` is enabled.
2026-07-29 15:20:12.472 [error] Error refreshing packages Failed to run python -m pip list --format=json
2026-07-29 15:20:12.472 [info] python: Fatal Python error: Failed to import encodings module
Python runtime state: core initialized
ModuleNotFoundError: No module named 'encodings'

Current thread 0x000006c8 (most recent call first):
  <no Python frame>

2026-07-29 15:20:12.475 [error] Error running pip list Failed to run python -m pip list --format=json --not-required
2026-07-29 15:20:12.475 [info] Package list retrieval attempted using pip, action can be done with uv if installed and setting `alwaysUseUv` is enabled.
2026-07-29 15:20:12.958 [info] Running: C:\Python314\python.exe -m pip list --format=json
2026-07-29 15:20:12.962 [info] Running: C:\Python314\python.exe -m pip list --format=json --not-required
2026-07-29 15:20:12.988 [info] python: Could not find platform independent libraries <prefix>

2026-07-29 15:20:12.988 [info] python: Could not find platform independent libraries <prefix>

2026-07-29 15:20:12.991 [info] python: Fatal Python error: Failed to import encodings module
Python runtime state: core initialized

2026-07-29 15:20:12.991 [info] python: Fatal Python error: Failed to import encodings module
Python runtime state: core initialized
ModuleNotFoundError: No module named 'encodings'

Current thread 0x00003978 (most recent call first):
  <no Python frame>

2026-07-29 15:20:12.991 [info] python: ModuleNotFoundError: No module named 'encodings'

Current thread 0x00000510 (most recent call first):
  <no Python frame>

2026-07-29 15:20:12.994 [error] Error running pip list Failed to run python -m pip list --format=json --not-required
2026-07-29 15:20:12.994 [info] Package list retrieval attempted using pip, action can be done with uv if installed and setting `alwaysUseUv` is enabled.
2026-07-29 15:20:12.994 [error] Error running pip list Failed to run python -m pip list --format=json
2026-07-29 15:20:12.994 [info] Package list retrieval attempted using pip, action can be done with uv if installed and setting `alwaysUseUv` is enabled.
2026-07-29 15:20:12.994 [error] Error refreshing packages Failed to run python -m pip list --format=json
2026-07-29 15:20:13.516 [info] Running: C:\Python314\python.exe -m pip list --format=json
2026-07-29 15:20:13.521 [info] Running: C:\Python314\python.exe -m pip list --format=json --not-required
2026-07-29 15:20:13.561 [info] python: Could not find platform independent libraries <prefix>

2026-07-29 15:20:13.564 [info] python: Fatal Python error: Failed to import encodings module
Python runtime state: core initialized

2026-07-29 15:20:13.565 [info] python: ModuleNotFoundError: No module named 'encodings'

Current thread 0x00003194 (most recent call first):
  <no Python frame>

2026-07-29 15:20:13.567 [error] Error running pip list Failed to run python -m pip list --format=json --not-required
2026-07-29 15:20:13.567 [info] Package list retrieval attempted using pip, action can be done with uv if installed and setting `alwaysUseUv` is enabled.
2026-07-29 15:20:13.575 [info] python: Could not find platform independent libraries <prefix>

2026-07-29 15:20:13.577 [info] python: Fatal Python error: Failed to import encodings module
Python runtime state: core initialized

2026-07-29 15:20:13.577 [info] python: ModuleNotFoundError: No module named 'encodings'

Current thread 0x00001958 (most recent call first):
  <no Python frame>

2026-07-29 15:20:13.580 [error] Error running pip list Failed to run python -m pip list --format=json
2026-07-29 15:20:13.580 [info] Package list retrieval attempted using pip, action can be done with uv if installed and setting `alwaysUseUv` is enabled.
2026-07-29 15:20:13.581 [error] Error refreshing packages Failed to run python -m pip list --format=json
2026-07-29 15:20:14.058 [info] Running: C:\Python314\python.exe -m pip list --format=json
2026-07-29 15:20:14.082 [info] Running: C:\Python314\python.exe -m pip list --format=json --not-required
2026-07-29 15:20:14.160 [info] python: Could not find platform independent libraries <prefix>

2026-07-29 15:20:14.164 [info] python: Could not find platform independent libraries <prefix>

2026-07-29 15:20:14.165 [info] python: Fatal Python error: Failed to import encodings module
Python runtime state: core initialized

2026-07-29 15:20:14.165 [info] python: ModuleNotFoundError: No module named 'encodings'

Current thread 0x00004678
2026-07-29 15:20:14.165 [info] python:  (most recent call first):
  <no Python frame>

2026-07-29 15:20:14.167 [error] Error running pip list Failed to run python -m pip list --format=json --not-required
2026-07-29 15:20:14.167 [info] Package list retrieval attempted using pip, action can be done with uv if installed and setting `alwaysUseUv` is enabled.
2026-07-29 15:20:14.168 [info] python: Fatal Python error: Failed to import encodings module
Python runtime state: core initialized
ModuleNotFoundError: No module named 'encodings'

Current thread 0x000000b4
2026-07-29 15:20:14.168 [info] python:  (most recent call first):
  <no Python frame>

2026-07-29 15:20:14.171 [error] Error running pip list Failed to run python -m pip list --format=json
2026-07-29 15:20:14.171 [info] Package list retrieval attempted using pip, action can be done with uv if installed and setting `alwaysUseUv` is enabled.
2026-07-29 15:20:14.171 [error] Error refreshing packages Failed to run python -m pip list --format=json
2026-07-29 15:20:19.107 [info] Running: C:\Python314\python.exe -m pip list --format=json
2026-07-29 15:20:19.111 [info] Running: C:\Python314\python.exe -m pip list --format=json --not-required
2026-07-29 15:20:19.135 [info] python: Could not find platform independent libraries <prefix>

2026-07-29 15:20:19.139 [info] python: Could not find platform independent libraries <prefix>

2026-07-29 15:20:19.139 [info] python: Fatal Python error: Failed to import encodings module
Python runtime state: core initialized

2026-07-29 15:20:19.139 [info] python: ModuleNotFoundError: No module named 'encodings'

Current thread 0x00001ef8
2026-07-29 15:20:19.139 [info] python:  (most recent call first):
  <no Python frame>

2026-07-29 15:20:19.142 [info] python: Fatal Python error: Failed to import encodings module
Python runtime state: core initialized

2026-07-29 15:20:19.142 [info] python: ModuleNotFoundError: No module named 'encodings'

Current thread 0x00003378 (most recent call first):
  <no Python frame>

2026-07-29 15:20:19.142 [error] Error running pip list Failed to run python -m pip list --format=json
2026-07-29 15:20:19.142 [info] Package list retrieval attempted using pip, action can be done with uv if installed and setting `alwaysUseUv` is enabled.
2026-07-29 15:20:19.142 [error] Error refreshing packages Failed to run python -m pip list --format=json
2026-07-29 15:20:19.144 [error] Error running pip list Failed to run python -m pip list --format=json --not-required
2026-07-29 15:20:19.144 [info] Package list retrieval attempted using pip, action can be done with uv if installed and setting `alwaysUseUv` is enabled.
2026-07-29 15:20:19.621 [info] Running: C:\Python314\python.exe -m pip list --format=json
2026-07-29 15:20:19.625 [info] Running: C:\Python314\python.exe -m pip list --format=json --not-required
2026-07-29 15:20:19.647 [info] python: Could not find platform independent libraries <prefix>

2026-07-29 15:20:19.650 [info] python: Fatal Python error: Failed to import encodings module
Python runtime state: core initialized

2026-07-29 15:20:19.650 [info] python: ModuleNotFoundError: No module named 'encodings'

Current thread 0x000036fc (most recent call first):
  <no Python frame>

2026-07-29 15:20:19.651 [info] python: Could not find platform independent libraries <prefix>

2026-07-29 15:20:19.653 [error] Error running pip list Failed to run python -m pip list --format=json
2026-07-29 15:20:19.653 [info] Package list retrieval attempted using pip, action can be done with uv if installed and setting `alwaysUseUv` is enabled.
2026-07-29 15:20:19.653 [error] Error refreshing packages Failed to run python -m pip list --format=json
2026-07-29 15:20:19.655 [info] python: Fatal Python error: Failed to import encodings module
Python runtime state: core initialized

2026-07-29 15:20:19.655 [info] python: ModuleNotFoundError: No module named 'encodings'

Current thread 0x00002f9c (most recent call first):
  <no Python frame>

2026-07-29 15:20:19.659 [error] Error running pip list Failed to run python -m pip list --format=json --not-required
2026-07-29 15:20:19.659 [info] Package list retrieval attempted using pip, action can be done with uv if installed and setting `alwaysUseUv` is enabled.
2026-07-29 15:20:20.370 [info] Running: C:\Python314\python.exe -m pip list --format=json
2026-07-29 15:20:20.373 [info] Running: C:\Python314\python.exe -m pip list --format=json --not-required
2026-07-29 15:20:20.394 [info] python: Could not find platform independent libraries <prefix>

2026-07-29 15:20:20.397 [info] python: Fatal Python error: Failed to import encodings module
Python runtime state: core initialized

2026-07-29 15:20:20.397 [info] python: ModuleNotFoundError: No module named 'encodings'

Current thread 0x00003488 (most recent call first):
  <no Python frame>

2026-07-29 15:20:20.398 [info] python: Could not find platform independent libraries <prefix>

2026-07-29 15:20:20.399 [error] Error running pip list Failed to run python -m pip list --format=json
2026-07-29 15:20:20.399 [info] Package list retrieval attempted using pip, action can be done with uv if installed and setting `alwaysUseUv` is enabled.
2026-07-29 15:20:20.399 [error] Error refreshing packages Failed to run python -m pip list --format=json
2026-07-29 15:20:20.402 [info] python: Fatal Python error: Failed to import encodings module
Python runtime state: core initialized

2026-07-29 15:20:20.402 [info] python: ModuleNotFoundError: No module named 'encodings'


2026-07-29 15:20:20.402 [info] python: Current thread 0x000032f8 (most recent call first):
  <no Python frame>

2026-07-29 15:20:20.405 [error] Error running pip list Failed to run python -m pip list --format=json --not-required
2026-07-29 15:20:20.405 [info] Package list retrieval attempted using pip, action can be done with uv if installed and setting `alwaysUseUv` is enabled.
2026-07-29 15:20:21.456 [info] Running: C:\Python314\python.exe -m pip list --format=json
2026-07-29 15:20:21.460 [info] Running: C:\Python314\python.exe -m pip list --format=json --not-required
2026-07-29 15:20:21.483 [info] python: Could not find platform independent libraries <prefix>

2026-07-29 15:20:21.485 [info] python: Could not find platform independent libraries <prefix>

2026-07-29 15:20:21.487 [info] python: Fatal Python error: Failed to import encodings module
Python runtime state: core initialized

2026-07-29 15:20:21.487 [info] python: ModuleNotFoundError: No module named 'encodings'

Current thread 0x0000158c (most recent call first):
  <no Python frame>

2026-07-29 15:20:21.489 [info] python: Fatal Python error: Failed to import encodings module
Python runtime state: core initialized

2026-07-29 15:20:21.489 [info] python: ModuleNotFoundError: No module named 'encodings'

Current thread 0x00003848 (most recent call first):
  <no Python frame>

2026-07-29 15:20:21.490 [error] Error running pip list Failed to run python -m pip list --format=json
2026-07-29 15:20:21.490 [info] Package list retrieval attempted using pip, action can be done with uv if installed and setting `alwaysUseUv` is enabled.
2026-07-29 15:20:21.490 [error] Error refreshing packages Failed to run python -m pip list --format=json
2026-07-29 15:20:21.492 [error] Error running pip list Failed to run python -m pip list --format=json --not-required
2026-07-29 15:20:21.492 [info] Package list retrieval attempted using pip, action can be done with uv if installed and setting `alwaysUseUv` is enabled.
2026-07-29 15:20:23.692 [info] Running: C:\Python314\python.exe -m pip list --format=json
2026-07-29 15:20:23.695 [info] Running: C:\Python314\python.exe -m pip list --format=json --not-required
2026-07-29 15:20:23.714 [info] python: Could not find platform independent libraries <prefix>

2026-07-29 15:20:23.715 [info] python: Could not find platform independent libraries <prefix>

2026-07-29 15:20:23.716 [info] python: Fatal Python error: Failed to import encodings module
Python runtime state: core initialized

2026-07-29 15:20:23.716 [info] python: ModuleNotFoundError: No module named 'encodings'

Current thread 0x000036dc (most recent call first):
  <no Python frame>

2026-07-29 15:20:23.718 [info] python: Fatal Python error: Failed to import encodings module
Python runtime state: core initialized

2026-07-29 15:20:23.718 [info] python: ModuleNotFoundError: No module named 'encodings'

Current thread 0x00001eb8 (most recent call first):
  <no Python frame>

2026-07-29 15:20:23.718 [error] Error running pip list Failed to run python -m pip list --format=json
2026-07-29 15:20:23.719 [info] Package list retrieval attempted using pip, action can be done with uv if installed and setting `alwaysUseUv` is enabled.
2026-07-29 15:20:23.719 [error] Error refreshing packages Failed to run python -m pip list --format=json
2026-07-29 15:20:23.721 [error] Error running pip list Failed to run python -m pip list --format=json --not-required
2026-07-29 15:20:23.721 [info] Package list retrieval attempted using pip, action can be done with uv if installed and setting `alwaysUseUv` is enabled.
2026-07-29 15:20:24.245 [info] Running: C:\Python314\python.exe -m pip list --format=json
2026-07-29 15:20:24.248 [info] Running: C:\Python314\python.exe -m pip list --format=json --not-required
2026-07-29 15:20:24.273 [info] python: Could not find platform independent libraries <prefix>

2026-07-29 15:20:24.276 [info] python: Could not find platform independent libraries <prefix>

2026-07-29 15:20:24.276 [info] python: Fatal Python error: Failed to import encodings module
Python runtime state: core initialized

2026-07-29 15:20:24.276 [info] python: ModuleNotFoundError: No module named 'encodings'

Current thread 0x0000317c
2026-07-29 15:20:24.276 [info] python:  (most recent call first):
  <no Python frame>

2026-07-29 15:20:24.279 [error] Error running pip list Failed to run python -m pip list --format=json
2026-07-29 15:20:24.279 [info] Package list retrieval attempted using pip, action can be done with uv if installed and setting `alwaysUseUv` is enabled.
2026-07-29 15:20:24.279 [error] Error refreshing packages Failed to run python -m pip list --format=json
2026-07-29 15:20:24.281 [info] python: Fatal Python error: Failed to import encodings module
Python runtime state: core initialized
ModuleNotFoundError: No module named 'encodings'

Current thread 0x0000467c (most recent call first):
  <no Python frame>

2026-07-29 15:20:24.284 [error] Error running pip list Failed to run python -m pip list --format=json --not-required
2026-07-29 15:20:24.284 [info] Package list retrieval attempted using pip, action can be done with uv if installed and setting `alwaysUseUv` is enabled.
2026-07-29 15:20:24.774 [info] Running: C:\Python314\python.exe -m pip list --format=json
2026-07-29 15:20:24.777 [info] Running: C:\Python314\python.exe -m pip list --format=json --not-required
2026-07-29 15:20:24.799 [info] python: Could not find platform independent libraries <prefix>

2026-07-29 15:20:24.800 [info] python: Could not find platform independent libraries <prefix>

2026-07-29 15:20:24.802 [info] python: Fatal Python error: Failed to import encodings module
Python runtime state: core initialized

2026-07-29 15:20:24.803 [info] python: ModuleNotFoundError: No module named 'encodings'

Current thread 0x00001510 (most recent call first):
  <no Python frame>

2026-07-29 15:20:24.803 [info] python: Fatal Python error: Failed to import encodings module
Python runtime state: core initialized

2026-07-29 15:20:24.803 [info] python: ModuleNotFoundError: No module named 'encodings'

Current thread 0x00003394
2026-07-29 15:20:24.803 [info] python:  (most recent call first):
  <no Python frame>

2026-07-29 15:20:24.805 [error] Error running pip list Failed to run python -m pip list --format=json
2026-07-29 15:20:24.805 [info] Package list retrieval attempted using pip, action can be done with uv if installed and setting `alwaysUseUv` is enabled.
2026-07-29 15:20:24.805 [error] Error refreshing packages Failed to run python -m pip list --format=json
2026-07-29 15:20:24.806 [error] Error running pip list Failed to run python -m pip list --format=json --not-required
2026-07-29 15:20:24.806 [info] Package list retrieval attempted using pip, action can be done with uv if installed and setting `alwaysUseUv` is enabled.
2026-07-29 15:20:25.592 [info] Running: C:\Python314\python.exe -m pip list --format=json
2026-07-29 15:20:25.595 [info] Running: C:\Python314\python.exe -m pip list --format=json --not-required
2026-07-29 15:20:25.618 [info] python: Could not find platform independent libraries <prefix>

2026-07-29 15:20:25.620 [info] python: Fatal Python error: Failed to import encodings module
Python runtime state: core initialized

2026-07-29 15:20:25.620 [info] python: ModuleNotFoundError: No module named 'encodings'

Current thread 0x00001044 (most recent call first):
  <no Python frame>

2026-07-29 15:20:25.622 [info] python: Could not find platform independent libraries <prefix>

2026-07-29 15:20:25.623 [error] Error running pip list Failed to run python -m pip list --format=json
2026-07-29 15:20:25.623 [info] Package list retrieval attempted using pip, action can be done with uv if installed and setting `alwaysUseUv` is enabled.
2026-07-29 15:20:25.623 [error] Error refreshing packages Failed to run python -m pip list --format=json
2026-07-29 15:20:25.626 [info] python: Fatal Python error: Failed to import encodings module
Python runtime state: core initialized

2026-07-29 15:20:25.626 [info] python: ModuleNotFoundError: No module named 'encodings'

2026-07-29 15:20:25.626 [info] python: 
Current thread 0x000021a8 (most recent call first):
  <no Python frame>

2026-07-29 15:20:25.629 [error] Error running pip list Failed to run python -m pip list --format=json --not-required
2026-07-29 15:20:25.629 [info] Package list retrieval attempted using pip, action can be done with uv if installed and setting `alwaysUseUv` is enabled.
2026-07-29 15:20:26.335 [info] Running: C:\Python314\python.exe -m pip list --format=json
2026-07-29 15:20:26.339 [info] Running: C:\Python314\python.exe -m pip list --format=json --not-required
2026-07-29 15:20:26.360 [info] python: Could not find platform independent libraries <prefix>

2026-07-29 15:20:26.363 [info] python: Could not find platform independent libraries <prefix>

2026-07-29 15:20:26.364 [info] python: Fatal Python error: Failed to import encodings module
Python runtime state: core initialized

2026-07-29 15:20:26.364 [info] python: ModuleNotFoundError: No module named 'encodings'

Current thread 0x000008d0
2026-07-29 15:20:26.364 [info] python:  (most recent call first):
  <no Python frame>

2026-07-29 15:20:26.366 [error] Error running pip list Failed to run python -m pip list --format=json
2026-07-29 15:20:26.367 [info] Package list retrieval attempted using pip, action can be done with uv if installed and setting `alwaysUseUv` is enabled.
2026-07-29 15:20:26.367 [error] Error refreshing packages Failed to run python -m pip list --format=json
2026-07-29 15:20:26.367 [info] python: Fatal Python error: Failed to import encodings module
Python runtime state: core initialized
ModuleNotFoundError: No module named 'encodings'

Current thread 0x00000bb4 (most recent call first):
  <no Python frame>

2026-07-29 15:20:26.370 [error] Error running pip list Failed to run python -m pip list --format=json --not-required
2026-07-29 15:20:26.370 [info] Package list retrieval attempted using pip, action can be done with uv if installed and setting `alwaysUseUv` is enabled.
2026-07-29 15:20:27.783 [info] Running: C:\Python314\python.exe -m pip list --format=json
2026-07-29 15:20:27.787 [info] Running: C:\Python314\python.exe -m pip list --format=json --not-required
2026-07-29 15:20:27.814 [info] python: Could not find platform independent libraries <prefix>

2026-07-29 15:20:27.816 [info] python: Could not find platform independent libraries <prefix>

2026-07-29 15:20:27.816 [info] python: Fatal Python error: Failed to import encodings module
Python runtime state: core initialized
ModuleNotFoundError: No module named 'encodings'

Current thread 0x00003c54
2026-07-29 15:20:27.816 [info] python:  (most recent call first):
  <no Python frame>

2026-07-29 15:20:27.819 [error] Error running pip list Failed to run python -m pip list --format=json
2026-07-29 15:20:27.819 [info] Package list retrieval attempted using pip, action can be done with uv if installed and setting `alwaysUseUv` is enabled.
2026-07-29 15:20:27.819 [error] Error refreshing packages Failed to run python -m pip list --format=json
2026-07-29 15:20:27.819 [info] python: Fatal Python error: Failed to import encodings module
Python runtime state: core initialized
ModuleNotFoundError: No module named 'encodings'

Current thread 0x00001c40 (most recent call first):
  <no Python frame>

2026-07-29 15:20:27.822 [error] Error running pip list Failed to run python -m pip list --format=json --not-required
2026-07-29 15:20:27.822 [info] Package list retrieval attempted using pip, action can be done with uv if installed and setting `alwaysUseUv` is enabled.
2026-07-29 15:20:28.811 [info] Running: C:\Python314\python.exe -m pip list --format=json
2026-07-29 15:20:28.814 [info] Running: C:\Python314\python.exe -m pip list --format=json --not-required
2026-07-29 15:20:28.835 [info] python: Could not find platform independent libraries <prefix>

2026-07-29 15:20:28.837 [info] python: Fatal Python error: Failed to import encodings module
Python runtime state: core initialized

2026-07-29 15:20:28.837 [info] python: ModuleNotFoundError: No module named 'encodings'

Current thread 0x00001df4 (most recent call first):
  <no Python frame>

2026-07-29 15:20:28.838 [info] python: Could not find platform independent libraries <prefix>

2026-07-29 15:20:28.840 [error] Error running pip list Failed to run python -m pip list --format=json
2026-07-29 15:20:28.840 [info] Package list retrieval attempted using pip, action can be done with uv if installed and setting `alwaysUseUv` is enabled.
2026-07-29 15:20:28.841 [error] Error refreshing packages Failed to run python -m pip list --format=json
2026-07-29 15:20:28.842 [info] python: Fatal Python error: Failed to import encodings module
Python runtime state: core initialized

2026-07-29 15:20:28.842 [info] python: ModuleNotFoundError: No module named 'encodings'

Current thread 0x000012f8 (most recent call first):
  <no Python frame>

2026-07-29 15:20:28.845 [error] Error running pip list Failed to run python -m pip list --format=json --not-required
2026-07-29 15:20:28.845 [info] Package list retrieval attempted using pip, action can be done with uv if installed and setting `alwaysUseUv` is enabled.
2026-07-29 15:20:33.138 [info] Running: C:\Python314\python.exe -m pip list --format=json
2026-07-29 15:20:33.142 [info] Running: C:\Python314\python.exe -m pip list --format=json --not-required
2026-07-29 15:20:33.172 [info] python: Could not find platform independent libraries <prefix>

2026-07-29 15:20:33.173 [info] python: Could not find platform independent libraries <prefix>

2026-07-29 15:20:33.176 [info] python: Fatal Python error: Failed to import encodings module
Python runtime state: core initialized

2026-07-29 15:20:33.176 [info] python: ModuleNotFoundError: No module named 'encodings'

Current thread 0x00003754 (most recent call first):
  <no Python frame>

2026-07-29 15:20:33.176 [info] python: Fatal Python error: Failed to import encodings module
Python runtime state: core initialized
ModuleNotFoundError: No module named 'encodings'

Current thread 0x00003f48 (most recent call first):
  <no Python frame>

2026-07-29 15:20:33.178 [error] Error running pip list Failed to run python -m pip list --format=json --not-required
2026-07-29 15:20:33.178 [info] Package list retrieval attempted using pip, action can be done with uv if installed and setting `alwaysUseUv` is enabled.
2026-07-29 15:20:33.179 [error] Error running pip list Failed to run python -m pip list --format=json
2026-07-29 15:20:33.179 [info] Package list retrieval attempted using pip, action can be done with uv if installed and setting `alwaysUseUv` is enabled.
2026-07-29 15:20:33.179 [error] Error refreshing packages Failed to run python -m pip list --format=json
2026-07-29 15:20:33.659 [info] Running: C:\Python314\python.exe -m pip list --format=json
2026-07-29 15:20:33.664 [info] Running: C:\Python314\python.exe -m pip list --format=json --not-required
2026-07-29 15:20:33.707 [info] python: Could not find platform independent libraries <prefix>

2026-07-29 15:20:33.708 [info] python: Could not find platform independent libraries <prefix>

2026-07-29 15:20:33.710 [info] python: Fatal Python error: Failed to import encodings module
Python runtime state: core initialized

2026-07-29 15:20:33.710 [info] python: ModuleNotFoundError: No module named 'encodings'

Current thread 0x0000276c (most recent call first):
  <no Python frame>

2026-07-29 15:20:33.712 [info] python: Fatal Python error: Failed to import encodings module
Python runtime state: core initialized
ModuleNotFoundError: No module named 'encodings'

Current thread 0x0000369c
2026-07-29 15:20:33.712 [info] python:  (most recent call first):
  <no Python frame>

2026-07-29 15:20:33.713 [error] Error running pip list Failed to run python -m pip list --format=json
2026-07-29 15:20:33.713 [info] Package list retrieval attempted using pip, action can be done with uv if installed and setting `alwaysUseUv` is enabled.
2026-07-29 15:20:33.713 [error] Error refreshing packages Failed to run python -m pip list --format=json
2026-07-29 15:20:33.715 [error] Error running pip list Failed to run python -m pip list --format=json --not-required
2026-07-29 15:20:33.715 [info] Package list retrieval attempted using pip, action can be done with uv if installed and setting `alwaysUseUv` is enabled.
2026-07-29 15:20:34.178 [info] Running: C:\Python314\python.exe -m pip list --format=json
2026-07-29 15:20:34.181 [info] Running: C:\Python314\python.exe -m pip list --format=json --not-required
2026-07-29 15:20:34.204 [info] python: Could not find platform independent libraries <prefix>

2026-07-29 15:20:34.206 [info] python: Fatal Python error: Failed to import encodings module
Python runtime state: core initialized

2026-07-29 15:20:34.206 [info] python: ModuleNotFoundError: No module named 'encodings'

Current thread 0x00001dfc (most recent call first):
  <no Python frame>

2026-07-29 15:20:34.209 [info] python: Could not find platform independent libraries <prefix>

2026-07-29 15:20:34.209 [error] Error running pip list Failed to run python -m pip list --format=json
2026-07-29 15:20:34.209 [info] Package list retrieval attempted using pip, action can be done with uv if installed and setting `alwaysUseUv` is enabled.
2026-07-29 15:20:34.209 [error] Error refreshing packages Failed to run python -m pip list --format=json
2026-07-29 15:20:34.212 [info] python: Fatal Python error: Failed to import encodings module
Python runtime state: core initialized

2026-07-29 15:20:34.212 [info] python: ModuleNotFoundError: No module named 'encodings'

Current thread 0x000047d0 (most recent call first):
  <no Python frame>

2026-07-29 15:20:34.216 [error] Error running pip list Failed to run python -m pip list --format=json --not-required
2026-07-29 15:20:34.216 [info] Package list retrieval attempted using pip, action can be done with uv if installed and setting `alwaysUseUv` is enabled.
2026-07-29 15:20:36.053 [info] Running: C:\Python314\python.exe -m pip list --format=json
2026-07-29 15:20:36.057 [info] Running: C:\Python314\python.exe -m pip list --format=json --not-required
2026-07-29 15:20:36.083 [info] python: Could not find platform independent libraries <prefix>

2026-07-29 15:20:36.087 [info] python: Fatal Python error: Failed to import encodings module
Python runtime state: core initialized
ModuleNotFoundError: No module named 'encodings'

Current thread 0x
2026-07-29 15:20:36.087 [info] python: 00001d34 (most recent call first):
  <no Python frame>

2026-07-29 15:20:36.088 [info] python: Could not find platform independent libraries <prefix>

2026-07-29 15:20:36.090 [error] Error running pip list Failed to run python -m pip list --format=json
2026-07-29 15:20:36.090 [info] Package list retrieval attempted using pip, action can be done with uv if installed and setting `alwaysUseUv` is enabled.
2026-07-29 15:20:36.090 [error] Error refreshing packages Failed to run python -m pip list --format=json
2026-07-29 15:20:36.093 [info] python: Fatal Python error: Failed to import encodings module
Python runtime state: core initialized

2026-07-29 15:20:36.093 [info] python: ModuleNotFoundError: No module named 'encodings'

Current thread 0x00003f4c (most recent call first):
  <no Python frame>

2026-07-29 15:20:36.096 [error] Error running pip list Failed to run python -m pip list --format=json --not-required
2026-07-29 15:20:36.096 [info] Package list retrieval attempted using pip, action can be done with uv if installed and setting `alwaysUseUv` is enabled.
2026-07-29 15:20:36.570 [info] Running: C:\Python314\python.exe -m pip list --format=json
2026-07-29 15:20:36.575 [info] Running: C:\Python314\python.exe -m pip list --format=json --not-required
2026-07-29 15:20:36.607 [info] python: Could not find platform independent libraries <prefix>

2026-07-29 15:20:36.615 [info] python: Could not find platform independent libraries <prefix>

2026-07-29 15:20:36.615 [info] python: Fatal Python error: Failed to import encodings module
Python runtime state: core initialized
ModuleNotFoundError: No module named 'encodings'

Current thread 0x00001a44 (most recent call first):
  <no Python frame>

2026-07-29 15:20:36.621 [info] python: Fatal Python error: Failed to import encodings module
Python runtime state: core initialized
ModuleNotFoundError: No module named 'encodings'

Current thread 0x00001e8c (most recent call first):
  <no Python frame>

2026-07-29 15:20:36.629 [error] Error running pip list Failed to run python -m pip list --format=json --not-required
2026-07-29 15:20:36.629 [info] Package list retrieval attempted using pip, action can be done with uv if installed and setting `alwaysUseUv` is enabled.
2026-07-29 15:20:36.638 [error] Error running pip list Failed to run python -m pip list --format=json
2026-07-29 15:20:36.638 [info] Package list retrieval attempted using pip, action can be done with uv if installed and setting `alwaysUseUv` is enabled.
2026-07-29 15:20:36.639 [error] Error refreshing packages Failed to run python -m pip list --format=json
2026-07-29 15:20:37.338 [info] Running: C:\Python314\python.exe -m pip list --format=json
2026-07-29 15:20:37.342 [info] Running: C:\Python314\python.exe -m pip list --format=json --not-required
2026-07-29 15:20:37.376 [info] python: Could not find platform independent libraries <prefix>

2026-07-29 15:20:37.380 [info] python: Fatal Python error: Failed to import encodings module
Python runtime state: core initialized
ModuleNotFoundError: No module named 'encodings'

Current thread 0x00002298 (most recent call first):
  <no Python frame>

2026-07-29 15:20:37.383 [error] Error running pip list Failed to run python -m pip list --format=json
2026-07-29 15:20:37.383 [info] Package list retrieval attempted using pip, action can be done with uv if installed and setting `alwaysUseUv` is enabled.
2026-07-29 15:20:37.383 [error] Error refreshing packages Failed to run python -m pip list --format=json
2026-07-29 15:20:37.384 [info] python: Could not find platform independent libraries <prefix>

2026-07-29 15:20:37.387 [info] python: Fatal Python error: Failed to import encodings module
Python runtime state: core initialized

2026-07-29 15:20:37.388 [info] python: ModuleNotFoundError: No module named 'encodings'

Current thread 0x00001648 (most recent call first):
  <no Python frame>

2026-07-29 15:20:37.393 [error] Error running pip list Failed to run python -m pip list --format=json --not-required
2026-07-29 15:20:37.393 [info] Package list retrieval attempted using pip, action can be done with uv if installed and setting `alwaysUseUv` is enabled.
2026-07-29 15:20:38.658 [info] Running: C:\Python314\python.exe -m pip list --format=json
2026-07-29 15:20:38.662 [info] Running: C:\Python314\python.exe -m pip list --format=json --not-required
2026-07-29 15:20:38.686 [info] python: Could not find platform independent libraries <prefix>

2026-07-29 15:20:38.689 [info] python: Fatal Python error: Failed to import encodings module
Python runtime state: core initialized

2026-07-29 15:20:38.689 [info] python: Could not find platform independent libraries <prefix>

2026-07-29 15:20:38.689 [info] python: ModuleNotFoundError: No module named 'encodings'

Current thread 0x00002190 (most recent call first):
  <no Python frame>

2026-07-29 15:20:38.693 [error] Error running pip list Failed to run python -m pip list --format=json
2026-07-29 15:20:38.693 [info] Package list retrieval attempted using pip, action can be done with uv if installed and setting `alwaysUseUv` is enabled.
2026-07-29 15:20:38.693 [error] Error refreshing packages Failed to run python -m pip list --format=json
2026-07-29 15:20:38.693 [info] python: Fatal Python error: Failed to import encodings module
Python runtime state: core initialized

2026-07-29 15:20:38.694 [info] python: ModuleNotFoundError: No module named 'encodings'

Current thread 0x00000f0c (most recent call first):
  <no Python frame>

2026-07-29 15:20:38.697 [error] Error running pip list Failed to run python -m pip list --format=json --not-required
2026-07-29 15:20:38.697 [info] Package list retrieval attempted using pip, action can be done with uv if installed and setting `alwaysUseUv` is enabled.
2026-07-29 15:20:39.182 [info] Running: C:\Python314\python.exe -m pip list --format=json
2026-07-29 15:20:39.186 [info] Running: C:\Python314\python.exe -m pip list --format=json --not-required
2026-07-29 15:20:39.221 [info] python: Could not find platform independent libraries <prefix>

2026-07-29 15:20:39.222 [info] python: Could not find platform independent libraries <prefix>

2026-07-29 15:20:39.224 [info] python: Fatal Python error: Failed to import encodings module
Python runtime state: core initialized

2026-07-29 15:20:39.225 [info] python: ModuleNotFoundError: No module named 'encodings'

Current thread 0x000044dc (most recent call first):
  <no Python frame>

2026-07-29 15:20:39.225 [info] python: Fatal Python error: Failed to import encodings module
Python runtime state: core initialized

2026-07-29 15:20:39.225 [info] python: ModuleNotFoundError: No module named 'encodings'

Current thread 0x00003754 (most recent call first):
  <no Python frame>

2026-07-29 15:20:39.228 [error] Error running pip list Failed to run python -m pip list --format=json --not-required
2026-07-29 15:20:39.228 [info] Package list retrieval attempted using pip, action can be done with uv if installed and setting `alwaysUseUv` is enabled.
2026-07-29 15:20:39.228 [error] Error running pip list Failed to run python -m pip list --format=json
2026-07-29 15:20:39.228 [info] Package list retrieval attempted using pip, action can be done with uv if installed and setting `alwaysUseUv` is enabled.
2026-07-29 15:20:39.229 [error] Error refreshing packages Failed to run python -m pip list --format=json
2026-07-29 15:20:40.045 [info] Running: C:\Python314\python.exe -m pip list --format=json
2026-07-29 15:20:40.049 [info] Running: C:\Python314\python.exe -m pip list --format=json --not-required
2026-07-29 15:20:40.070 [info] python: Could not find platform independent libraries <prefix>

2026-07-29 15:20:40.074 [info] python: Fatal Python error: Failed to import encodings module
Python runtime state: core initialized

2026-07-29 15:20:40.074 [info] python: ModuleNotFoundError: No module named 'encodings'

Current thread 0x00002264 (most recent call first):
  <no Python frame>

2026-07-29 15:20:40.074 [info] python: Could not find platform independent libraries <prefix>

2026-07-29 15:20:40.077 [error] Error running pip list Failed to run python -m pip list --format=json
2026-07-29 15:20:40.077 [info] Package list retrieval attempted using pip, action can be done with uv if installed and setting `alwaysUseUv` is enabled.
2026-07-29 15:20:40.077 [error] Error refreshing packages Failed to run python -m pip list --format=json
2026-07-29 15:20:40.078 [info] python: Fatal Python error: Failed to import encodings module
Python runtime state: core initialized

2026-07-29 15:20:40.078 [info] python: ModuleNotFoundError: No module named 'encodings'


2026-07-29 15:20:40.078 [info] python: Current thread 0x00002a04 (most recent call first):
  <no Python frame>

2026-07-29 15:20:40.082 [error] Error running pip list Failed to run python -m pip list --format=json --not-required
2026-07-29 15:20:40.082 [info] Package list retrieval attempted using pip, action can be done with uv if installed and setting `alwaysUseUv` is enabled.
2026-07-29 15:20:41.047 [info] Running: C:\Python314\python.exe -m pip list --format=json
2026-07-29 15:20:41.051 [info] Running: C:\Python314\python.exe -m pip list --format=json --not-required
2026-07-29 15:20:41.076 [info] python: Could not find platform independent libraries <prefix>

2026-07-29 15:20:41.078 [info] python: Fatal Python error: Failed to import encodings module
Python runtime state: core initialized

2026-07-29 15:20:41.078 [info] python: ModuleNotFoundError: No module named 'encodings'

Current thread 0x00002c98 (most recent call first):
  <no Python frame>

2026-07-29 15:20:41.081 [info] python: Could not find platform independent libraries <prefix>

2026-07-29 15:20:41.081 [error] Error running pip list Failed to run python -m pip list --format=json
2026-07-29 15:20:41.081 [info] Package list retrieval attempted using pip, action can be done with uv if installed and setting `alwaysUseUv` is enabled.
2026-07-29 15:20:41.081 [error] Error refreshing packages Failed to run python -m pip list --format=json
2026-07-29 15:20:41.085 [info] python: Fatal Python error: Failed to import encodings module
Python runtime state: core initialized

2026-07-29 15:20:41.085 [info] python: ModuleNotFoundError: No module named 'encodings'

Current thread 0x00003478 (most recent call first):
  <no Python frame>

2026-07-29 15:20:41.088 [error] Error running pip list Failed to run python -m pip list --format=json --not-required
2026-07-29 15:20:41.088 [info] Package list retrieval attempted using pip, action can be done with uv if installed and setting `alwaysUseUv` is enabled.
2026-07-29 15:20:42.588 [info] Running: C:\Python314\python.exe -m pip list --format=json
2026-07-29 15:20:42.593 [info] Running: C:\Python314\python.exe -m pip list --format=json --not-required
2026-07-29 15:20:42.616 [info] python: Could not find platform independent libraries <prefix>

2026-07-29 15:20:42.619 [info] python: Could not find platform independent libraries <prefix>

2026-07-29 15:20:42.620 [info] python: Fatal Python error: Failed to import encodings module
Python runtime state: core initialized

2026-07-29 15:20:42.620 [info] python: ModuleNotFoundError: No module named 'encodings'


2026-07-29 15:20:42.620 [info] python: Current thread 0x00001284 (most recent call first):
  <no Python frame>

2026-07-29 15:20:42.623 [error] Error running pip list Failed to run python -m pip list --format=json
2026-07-29 15:20:42.623 [info] Package list retrieval attempted using pip, action can be done with uv if installed and setting `alwaysUseUv` is enabled.
2026-07-29 15:20:42.623 [error] Error refreshing packages Failed to run python -m pip list --format=json
2026-07-29 15:20:42.623 [info] python: Fatal Python error: Failed to import encodings module
Python runtime state: core initialized
ModuleNotFoundError: No module named 'encodings'

Current thread 0x00003d2c (most recent call first):
  <no Python frame>

2026-07-29 15:20:42.626 [error] Error running pip list Failed to run python -m pip list --format=json --not-required
2026-07-29 15:20:42.626 [info] Package list retrieval attempted using pip, action can be done with uv if installed and setting `alwaysUseUv` is enabled.
2026-07-29 15:20:43.357 [info] Running: C:\Python314\python.exe -m pip list --format=json
2026-07-29 15:20:43.362 [info] Running: C:\Python314\python.exe -m pip list --format=json --not-required
2026-07-29 15:20:43.394 [info] python: Could not find platform independent libraries <prefix>

2026-07-29 15:20:43.394 [info] python: Could not find platform independent libraries <prefix>

2026-07-29 15:20:43.397 [info] python: Fatal Python error: Failed to import encodings module
Python runtime state: core initialized

2026-07-29 15:20:43.397 [info] python: ModuleNotFoundError: No module named 'encodings'

Current thread 0x00001f34 (most recent call first):
  <no Python frame>

2026-07-29 15:20:43.397 [info] python: Fatal Python error: Failed to import encodings module
Python runtime state: core initialized

2026-07-29 15:20:43.397 [info] python: ModuleNotFoundError: No module named 'encodings'

Current thread 0x0000053c
2026-07-29 15:20:43.397 [info] python:  (most recent call first):
  <no Python frame>

2026-07-29 15:20:43.399 [error] Error running pip list Failed to run python -m pip list --format=json
2026-07-29 15:20:43.399 [info] Package list retrieval attempted using pip, action can be done with uv if installed and setting `alwaysUseUv` is enabled.
2026-07-29 15:20:43.400 [error] Error refreshing packages Failed to run python -m pip list --format=json
2026-07-29 15:20:43.400 [error] Error running pip list Failed to run python -m pip list --format=json --not-required
2026-07-29 15:20:43.400 [info] Package list retrieval attempted using pip, action can be done with uv if installed and setting `alwaysUseUv` is enabled.
2026-07-29 15:20:43.874 [info] Running: C:\Python314\python.exe -m pip list --format=json
2026-07-29 15:20:43.878 [info] Running: C:\Python314\python.exe -m pip list --format=json --not-required
2026-07-29 15:20:43.898 [info] python: Could not find platform independent libraries <prefix>

2026-07-29 15:20:43.902 [info] python: Fatal Python error: Failed to import encodings module
Python runtime state: core initialized

2026-07-29 15:20:43.902 [info] python: ModuleNotFoundError: No module named 'encodings'

Current thread 0x00001648 (most recent call first):
  <no Python frame>

2026-07-29 15:20:43.902 [info] python: Could not find platform independent libraries <prefix>

2026-07-29 15:20:43.904 [error] Error running pip list Failed to run python -m pip list --format=json
2026-07-29 15:20:43.904 [info] Package list retrieval attempted using pip, action can be done with uv if installed and setting `alwaysUseUv` is enabled.
2026-07-29 15:20:43.905 [error] Error refreshing packages Failed to run python -m pip list --format=json
2026-07-29 15:20:43.906 [info] python: Fatal Python error: Failed to import encodings module
Python runtime state: core initialized

2026-07-29 15:20:43.906 [info] python: ModuleNotFoundError: No module named 'encodings'

Current thread 0x000045dc (most recent call first):
  <no Python frame>

2026-07-29 15:20:43.908 [error] Error running pip list Failed to run python -m pip list --format=json --not-required
2026-07-29 15:20:43.908 [info] Package list retrieval attempted using pip, action can be done with uv if installed and setting `alwaysUseUv` is enabled.
2026-07-29 15:20:45.155 [info] Running: C:\Python314\python.exe -m pip list --format=json
2026-07-29 15:20:45.159 [info] Running: C:\Python314\python.exe -m pip list --format=json --not-required
2026-07-29 15:20:45.195 [info] python: Could not find platform independent libraries <prefix>

2026-07-29 15:20:45.198 [info] python: Fatal Python error: Failed to import encodings module
Python runtime state: core initialized

2026-07-29 15:20:45.198 [info] python: ModuleNotFoundError: No module named 'encodings'

Current thread 0x00003270 (most recent call first):
  <no Python frame>

2026-07-29 15:20:45.200 [info] python: Could not find platform independent libraries <prefix>

2026-07-29 15:20:45.202 [error] Error running pip list Failed to run python -m pip list --format=json
2026-07-29 15:20:45.202 [info] Package list retrieval attempted using pip, action can be done with uv if installed and setting `alwaysUseUv` is enabled.
2026-07-29 15:20:45.202 [error] Error refreshing packages Failed to run python -m pip list --format=json
2026-07-29 15:20:45.204 [info] python: Fatal Python error: Failed to import encodings module
Python runtime state: core initialized

2026-07-29 15:20:45.204 [info] python: ModuleNotFoundError: No module named 'encodings'

Current thread 0x00000e1c (most recent call first):
  <no Python frame>

2026-07-29 15:20:45.207 [error] Error running pip list Failed to run python -m pip list --format=json --not-required
2026-07-29 15:20:45.207 [info] Package list retrieval attempted using pip, action can be done with uv if installed and setting `alwaysUseUv` is enabled.
2026-07-29 15:20:46.690 [info] Running: C:\Python314\python.exe -m pip list --format=json
2026-07-29 15:20:46.694 [info] Running: C:\Python314\python.exe -m pip list --format=json --not-required
2026-07-29 15:20:46.723 [info] python: Could not find platform independent libraries <prefix>

2026-07-29 15:20:46.723 [info] python: Could not find platform independent libraries <prefix>

2026-07-29 15:20:46.726 [info] python: Fatal Python error: Failed to import encodings module
Python runtime state: core initialized

2026-07-29 15:20:46.726 [info] python: Fatal Python error: Failed to import encodings module
Python runtime state: core initialized
ModuleNotFoundError: No module named 'encodings'

Current thread 0x000017a4 (most recent call first):
  <no Python frame>

2026-07-29 15:20:46.726 [info] python: ModuleNotFoundError: No module named 'encodings'

Current thread 0x000044dc (most recent call first):
  <no Python frame>

2026-07-29 15:20:46.729 [error] Error running pip list Failed to run python -m pip list --format=json
2026-07-29 15:20:46.729 [info] Package list retrieval attempted using pip, action can be done with uv if installed and setting `alwaysUseUv` is enabled.
2026-07-29 15:20:46.729 [error] Error refreshing packages Failed to run python -m pip list --format=json
2026-07-29 15:20:46.729 [error] Error running pip list Failed to run python -m pip list --format=json --not-required
2026-07-29 15:20:46.729 [info] Package list retrieval attempted using pip, action can be done with uv if installed and setting `alwaysUseUv` is enabled.
2026-07-29 15:20:47.465 [info] Running: C:\Python314\python.exe -m pip list --format=json
2026-07-29 15:20:47.469 [info] Running: C:\Python314\python.exe -m pip list --format=json --not-required
2026-07-29 15:20:47.499 [info] python: Could not find platform independent libraries <prefix>

2026-07-29 15:20:47.499 [info] python: Could not find platform independent libraries <prefix>

2026-07-29 15:20:47.504 [info] python: Fatal Python error: Failed to import encodings module
Python runtime state: core initialized

2026-07-29 15:20:47.504 [info] python: ModuleNotFoundError: No module named 'encodings'

Current thread 0x00004778 (most recent call first):
  <no Python frame>

2026-07-29 15:20:47.504 [info] python: Fatal Python error: Failed to import encodings module
Python runtime state: core initialized
ModuleNotFoundError: No module named 'encodings'

Current thread 0x00004534 (most recent call first):
  <no Python frame>

2026-07-29 15:20:47.507 [error] Error running pip list Failed to run python -m pip list --format=json --not-required
2026-07-29 15:20:47.507 [info] Package list retrieval attempted using pip, action can be done with uv if installed and setting `alwaysUseUv` is enabled.
2026-07-29 15:20:47.507 [error] Error running pip list Failed to run python -m pip list --format=json
2026-07-29 15:20:47.507 [info] Package list retrieval attempted using pip, action can be done with uv if installed and setting `alwaysUseUv` is enabled.
2026-07-29 15:20:47.507 [error] Error refreshing packages Failed to run python -m pip list --format=json
2026-07-29 15:20:47.996 [info] Running: C:\Python314\python.exe -m pip list --format=json
2026-07-29 15:20:47.999 [info] Running: C:\Python314\python.exe -m pip list --format=json --not-required
2026-07-29 15:20:48.031 [info] python: Could not find platform independent libraries <prefix>

2026-07-29 15:20:48.034 [info] python: Could not find platform independent libraries <prefix>

2026-07-29 15:20:48.035 [info] python: Fatal Python error: Failed to import encodings module
Python runtime state: core initialized

2026-07-29 15:20:48.036 [info] python: ModuleNotFoundError: No module named 'encodings'

Current thread 0x0000306c (most recent call first):
  <no Python frame>

2026-07-29 15:20:48.039 [error] Error running pip list Failed to run python -m pip list --format=json
2026-07-29 15:20:48.039 [info] Package list retrieval attempted using pip, action can be done with uv if installed and setting `alwaysUseUv` is enabled.
2026-07-29 15:20:48.039 [error] Error refreshing packages Failed to run python -m pip list --format=json
2026-07-29 15:20:48.039 [info] python: Fatal Python error: Failed to import encodings module
Python runtime state: core initialized
ModuleNotFoundError: No module named 'encodings'

Current thread 0x00003470 (most recent call first):
  <no Python frame>

2026-07-29 15:20:48.043 [error] Error running pip list Failed to run python -m pip list --format=json --not-required
2026-07-29 15:20:48.043 [info] Package list retrieval attempted using pip, action can be done with uv if installed and setting `alwaysUseUv` is enabled.
2026-07-29 15:20:49.242 [info] Running: C:\Python314\python.exe -m pip list --format=json
2026-07-29 15:20:49.246 [info] Running: C:\Python314\python.exe -m pip list --format=json --not-required
2026-07-29 15:20:49.266 [info] python: Could not find platform independent libraries <prefix>

2026-07-29 15:20:49.270 [info] python: Fatal Python error: Failed to import encodings module
Python runtime state: core initialized

2026-07-29 15:20:49.270 [info] python: ModuleNotFoundError: No module named 'encodings'

Current thread 0x00004a60 (most recent call first):
  <no Python frame>

2026-07-29 15:20:49.271 [info] python: Could not find platform independent libraries <prefix>

2026-07-29 15:20:49.273 [error] Error running pip list Failed to run python -m pip list --format=json
2026-07-29 15:20:49.273 [info] Package list retrieval attempted using pip, action can be done with uv if installed and setting `alwaysUseUv` is enabled.
2026-07-29 15:20:49.274 [error] Error refreshing packages Failed to run python -m pip list --format=json
2026-07-29 15:20:49.275 [info] python: Fatal Python error: Failed to import encodings module
Python runtime state: core initialized

2026-07-29 15:20:49.275 [info] python: ModuleNotFoundError: No module named 'encodings'

Current thread 0x00000fec (most recent call first):
  <no Python frame>

2026-07-29 15:20:49.279 [error] Error running pip list Failed to run python -m pip list --format=json --not-required
2026-07-29 15:20:49.279 [info] Package list retrieval attempted using pip, action can be done with uv if installed and setting `alwaysUseUv` is enabled.
2026-07-29 15:20:50.254 [info] Running: C:\Python314\python.exe -m pip list --format=json
2026-07-29 15:20:50.258 [info] Running: C:\Python314\python.exe -m pip list --format=json --not-required
2026-07-29 15:20:50.282 [info] python: Could not find platform independent libraries <prefix>

2026-07-29 15:20:50.287 [info] python: Fatal Python error: Failed to import encodings module
Python runtime state: core initialized
ModuleNotFoundError: No module named 'encodings'

Current thread 0x00001c40 (most recent call first):
  <no Python frame>

2026-07-29 15:20:50.287 [info] python: Could not find platform independent libraries <prefix>

2026-07-29 15:20:50.291 [info] python: Fatal Python error: Failed to import encodings module
Python runtime state: core initialized
ModuleNotFoundError: No module named 'encodings'

Current thread 0x00003194 (most recent call first):
  <no Python frame>

2026-07-29 15:20:50.293 [error] Error running pip list Failed to run python -m pip list --format=json --not-required
2026-07-29 15:20:50.293 [info] Package list retrieval attempted using pip, action can be done with uv if installed and setting `alwaysUseUv` is enabled.
2026-07-29 15:20:50.294 [error] Error running pip list Failed to run python -m pip list --format=json
2026-07-29 15:20:50.294 [info] Package list retrieval attempted using pip, action can be done with uv if installed and setting `alwaysUseUv` is enabled.
2026-07-29 15:20:50.294 [error] Error refreshing packages Failed to run python -m pip list --format=json
2026-07-29 15:20:51.779 [info] Running: C:\Python314\python.exe -m pip list --format=json
2026-07-29 15:20:51.783 [info] Running: C:\Python314\python.exe -m pip list --format=json --not-required
2026-07-29 15:20:51.802 [info] python: Could not find platform independent libraries <prefix>

2026-07-29 15:20:51.805 [info] python: Fatal Python error: Failed to import encodings module
Python runtime state: core initialized

2026-07-29 15:20:51.805 [info] python: ModuleNotFoundError: No module named 'encodings'

Current thread 0x00001ef8 (most recent call first):
  <no Python frame>

2026-07-29 15:20:51.806 [info] python: Could not find platform independent libraries <prefix>

2026-07-29 15:20:51.808 [error] Error running pip list Failed to run python -m pip list --format=json
2026-07-29 15:20:51.808 [info] Package list retrieval attempted using pip, action can be done with uv if installed and setting `alwaysUseUv` is enabled.
2026-07-29 15:20:51.808 [error] Error refreshing packages Failed to run python -m pip list --format=json
2026-07-29 15:20:51.809 [info] python: Fatal Python error: Failed to import encodings module
Python runtime state: core initialized

2026-07-29 15:20:51.810 [info] python: ModuleNotFoundError: No module named 'encodings'

Current thread 0x00002e10 (most recent call first):
  <no Python frame>

2026-07-29 15:20:51.813 [error] Error running pip list Failed to run python -m pip list --format=json --not-required
2026-07-29 15:20:51.813 [info] Package list retrieval attempted using pip, action can be done with uv if installed and setting `alwaysUseUv` is enabled.
2026-07-29 15:20:52.297 [info] Running: C:\Python314\python.exe -m pip list --format=json
2026-07-29 15:20:52.301 [info] Running: C:\Python314\python.exe -m pip list --format=json --not-required
2026-07-29 15:20:52.323 [info] python: Could not find platform independent libraries <prefix>

2026-07-29 15:20:52.325 [info] python: Could not find platform independent libraries <prefix>

2026-07-29 15:20:52.327 [info] python: Fatal Python error: Failed to import encodings module
Python runtime state: core initialized
ModuleNotFoundError: No module named 'encodings'

Current thread 0x00003c84 (most recent call first):
  <no Python frame>

2026-07-29 15:20:52.329 [info] python: Fatal Python error: Failed to import encodings module
Python runtime state: core initialized
ModuleNotFoundError: No module named 'encodings'

Current thread 0x00003188 (most recent call first):

2026-07-29 15:20:52.329 [info] python:   <no Python frame>

2026-07-29 15:20:52.331 [error] Error running pip list Failed to run python -m pip list --format=json
2026-07-29 15:20:52.331 [info] Package list retrieval attempted using pip, action can be done with uv if installed and setting `alwaysUseUv` is enabled.
2026-07-29 15:20:52.331 [error] Error refreshing packages Failed to run python -m pip list --format=json
2026-07-29 15:20:52.334 [error] Error running pip list Failed to run python -m pip list --format=json --not-required
2026-07-29 15:20:52.334 [info] Package list retrieval attempted using pip, action can be done with uv if installed and setting `alwaysUseUv` is enabled.
2026-07-29 15:20:52.906 [info] Running: C:\Python314\python.exe -m pip list --format=json
2026-07-29 15:20:52.910 [info] Running: C:\Python314\python.exe -m pip list --format=json --not-required
2026-07-29 15:20:52.937 [info] python: Could not find platform independent libraries <prefix>

2026-07-29 15:20:52.937 [info] python: Could not find platform independent libraries <prefix>

2026-07-29 15:20:52.940 [info] python: Fatal Python error: Failed to import encodings module
Python runtime state: core initialized

2026-07-29 15:20:52.940 [info] python: ModuleNotFoundError: No module named 'encodings'

Current thread 0x000044dc (most recent call first):
  <no Python frame>

2026-07-29 15:20:52.940 [info] python: Fatal Python error: Failed to import encodings module
Python runtime state: core initialized

2026-07-29 15:20:52.940 [info] python: ModuleNotFoundError: No module named 'encodings'

Current thread 0x00000c64 (most recent call first):
  <no Python frame>

2026-07-29 15:20:52.943 [error] Error running pip list Failed to run python -m pip list --format=json
2026-07-29 15:20:52.943 [info] Package list retrieval attempted using pip, action can be done with uv if installed and setting `alwaysUseUv` is enabled.
2026-07-29 15:20:52.943 [error] Error refreshing packages Failed to run python -m pip list --format=json
2026-07-29 15:20:52.943 [error] Error running pip list Failed to run python -m pip list --format=json --not-required
2026-07-29 15:20:52.943 [info] Package list retrieval attempted using pip, action can be done with uv if installed and setting `alwaysUseUv` is enabled.
2026-07-29 15:20:53.696 [info] Running: C:\Python314\python.exe -m pip list --format=json
2026-07-29 15:20:53.700 [info] Running: C:\Python314\python.exe -m pip list --format=json --not-required
2026-07-29 15:20:53.735 [info] python: Could not find platform independent libraries <prefix>

2026-07-29 15:20:53.735 [info] python: Could not find platform independent libraries <prefix>

2026-07-29 15:20:53.739 [info] python: Fatal Python error: Failed to import encodings module
Python runtime state: core initialized

2026-07-29 15:20:53.739 [info] python: Fatal Python error: Failed to import encodings module
Python runtime state: core initialized

2026-07-29 15:20:53.739 [info] python: ModuleNotFoundError: No module named 'encodings'

Current thread 0x00003354 (most recent call first):
  <no Python frame>

2026-07-29 15:20:53.739 [info] python: ModuleNotFoundError: No module named 'encodings'

Current thread 0x00000b08 (most recent call first):
  <no Python frame>

2026-07-29 15:20:53.742 [error] Error running pip list Failed to run python -m pip list --format=json
2026-07-29 15:20:53.742 [info] Package list retrieval attempted using pip, action can be done with uv if installed and setting `alwaysUseUv` is enabled.
2026-07-29 15:20:53.742 [error] Error refreshing packages Failed to run python -m pip list --format=json
2026-07-29 15:20:53.742 [error] Error running pip list Failed to run python -m pip list --format=json --not-required
2026-07-29 15:20:53.742 [info] Package list retrieval attempted using pip, action can be done with uv if installed and setting `alwaysUseUv` is enabled.
2026-07-29 15:20:54.719 [info] Running: C:\Python314\python.exe -m pip list --format=json
2026-07-29 15:20:54.723 [info] Running: C:\Python314\python.exe -m pip list --format=json --not-required
2026-07-29 15:20:54.748 [info] python: Could not find platform independent libraries <prefix>

2026-07-29 15:20:54.748 [info] python: Could not find platform independent libraries <prefix>

2026-07-29 15:20:54.751 [info] python: Fatal Python error: Failed to import encodings module
Python runtime state: core initialized

2026-07-29 15:20:54.751 [info] python: Fatal Python error: Failed to import encodings module
Python runtime state: core initialized
ModuleNotFoundError: No module named 'encodings'

Current thread 0x00003f2c
2026-07-29 15:20:54.751 [info] python: ModuleNotFoundError: No module named 'encodings'

Current thread 0x00002c74 (most recent call first):
  <no Python frame>

2026-07-29 15:20:54.751 [info] python:  (most recent call first):
  <no Python frame>

2026-07-29 15:20:54.753 [error] Error running pip list Failed to run python -m pip list --format=json --not-required
2026-07-29 15:20:54.753 [info] Package list retrieval attempted using pip, action can be done with uv if installed and setting `alwaysUseUv` is enabled.
2026-07-29 15:20:54.753 [error] Error running pip list Failed to run python -m pip list --format=json
2026-07-29 15:20:54.753 [info] Package list retrieval attempted using pip, action can be done with uv if installed and setting `alwaysUseUv` is enabled.
2026-07-29 15:20:54.754 [error] Error refreshing packages Failed to run python -m pip list --format=json
2026-07-29 15:20:55.316 [info] Running: C:\Python314\python.exe -m pip list --format=json
2026-07-29 15:20:55.321 [info] Running: C:\Python314\python.exe -m pip list --format=json --not-required
2026-07-29 15:20:55.386 [info] python: Could not find platform independent libraries <prefix>

2026-07-29 15:20:55.387 [info] python: Could not find platform independent libraries <prefix>

2026-07-29 15:20:55.390 [info] python: Fatal Python error: Failed to import encodings module
Python runtime state: core initialized

2026-07-29 15:20:55.390 [info] python: Fatal Python error: Failed to import encodings module
Python runtime state: core initialized
ModuleNotFoundError: No module named 'encodings'

Current thread 0x00004030 (most recent call first):
  <no Python frame>

2026-07-29 15:20:55.390 [info] python: ModuleNotFoundError: No module named 'encodings'

Current thread 0x000047cc (most recent call first):
  <no Python frame>

2026-07-29 15:20:55.393 [error] Error running pip list Failed to run python -m pip list --format=json --not-required
2026-07-29 15:20:55.393 [info] Package list retrieval attempted using pip, action can be done with uv if installed and setting `alwaysUseUv` is enabled.
2026-07-29 15:20:55.394 [error] Error running pip list Failed to run python -m pip list --format=json
2026-07-29 15:20:55.394 [info] Package list retrieval attempted using pip, action can be done with uv if installed and setting `alwaysUseUv` is enabled.
2026-07-29 15:20:55.394 [error] Error refreshing packages Failed to run python -m pip list --format=json
2026-07-29 15:20:58.356 [info] Running: C:\Python314\python.exe -m pip list --format=json
2026-07-29 15:20:58.362 [info] Running: C:\Python314\python.exe -m pip list --format=json --not-required
2026-07-29 15:20:58.389 [info] python: Could not find platform independent libraries <prefix>

2026-07-29 15:20:58.390 [info] python: Could not find platform independent libraries <prefix>

2026-07-29 15:20:58.392 [info] python: Fatal Python error: Failed to import encodings module
Python runtime state: core initialized

2026-07-29 15:20:58.392 [info] python: ModuleNotFoundError: No module named 'encodings'

Current thread 0x00002898 (most recent call first):
  <no Python frame>

2026-07-29 15:20:58.393 [info] python: Fatal Python error: Failed to import encodings module
Python runtime state: core initialized

2026-07-29 15:20:58.394 [info] python: ModuleNotFoundError: No module named 'encodings'

Current thread 0x0000053c (most recent call first):
  <no Python frame>

2026-07-29 15:20:58.395 [error] Error running pip list Failed to run python -m pip list --format=json
2026-07-29 15:20:58.396 [info] Package list retrieval attempted using pip, action can be done with uv if installed and setting `alwaysUseUv` is enabled.
2026-07-29 15:20:58.396 [error] Error refreshing packages Failed to run python -m pip list --format=json
2026-07-29 15:20:58.398 [error] Error running pip list Failed to run python -m pip list --format=json --not-required
2026-07-29 15:20:58.398 [info] Package list retrieval attempted using pip, action can be done with uv if installed and setting `alwaysUseUv` is enabled.
2026-07-29 15:20:58.803 [info] Running: C:\Python314\python.exe -m pip list --format=json
2026-07-29 15:20:58.806 [info] Running: C:\Python314\python.exe -m pip list --format=json --not-required
2026-07-29 15:20:58.824 [info] python: Could not find platform independent libraries <prefix>

2026-07-29 15:20:58.826 [info] python: Fatal Python error: Failed to import encodings module
Python runtime state: core initialized

2026-07-29 15:20:58.827 [info] python: ModuleNotFoundError: No module named 'encodings'

Current thread 0x00003a0c
2026-07-29 15:20:58.827 [info] python: Could not find platform independent libraries <prefix>

2026-07-29 15:20:58.827 [info] python:  (most recent call first):
  <no Python frame>

2026-07-29 15:20:58.829 [error] Error running pip list Failed to run python -m pip list --format=json
2026-07-29 15:20:58.829 [info] Package list retrieval attempted using pip, action can be done with uv if installed and setting `alwaysUseUv` is enabled.
2026-07-29 15:20:58.829 [error] Error refreshing packages Failed to run python -m pip list --format=json
2026-07-29 15:20:58.829 [info] python: Fatal Python error: Failed to import encodings module
Python runtime state: core initialized

2026-07-29 15:20:58.829 [info] python: ModuleNotFoundError: No module named 'encodings'

Current thread 0x00000ba8 (most recent call first):
  <no Python frame>

2026-07-29 15:20:58.832 [error] Error running pip list Failed to run python -m pip list --format=json --not-required
2026-07-29 15:20:58.832 [info] Package list retrieval attempted using pip, action can be done with uv if installed and setting `alwaysUseUv` is enabled.
